Data,Otwarcie,Zamknięcie,Maks.,Min.,Obrót (mln. zł),Zmiana (%)
2023-03-17,12.48,12.28,12.48,12.22,0.05,0.66
2023-03-16,12.2,12.2,12.62,12.1,0.14,-0.49
2023-03-15,12.7,12.26,12.7,12.24,0.18,-2.54
2023-03-14,12.5,12.58,12.76,12.5,0.11,-0.16
2023-03-13,12.94,12.6,12.96,12.5,0.26,-2.93
2023-03-10,13.08,12.98,13.08,12.88,0.16,-1.22
2023-03-09,13.18,13.14,13.2,13.08,0.08,0.46
2023-03-08,13.2,13.08,13.2,13.04,0.06,0.31
2023-03-07,13.3,13.04,13.32,13.04,0.23,-1.21
2023-03-06,13.14,13.2,13.3,13.06,0.15,0.3
2023-03-03,13.12,13.16,13.4,13.06,0.15,-1.64
2023-03-01,13.26,13.38,13.38,13.2,0.1,1.06
2023-02-28,13.02,13.24,13.3,13,0.06,1.07
2023-02-27,13.06,13.1,13.28,12.98,0.11,0.31
2023-02-24,13.06,13.06,13.22,13,0.14,-1.8
2023-02-23,13.3,13.3,13.36,13.02,0.12,0.76
2023-02-22,13.4,13.2,13.4,13.02,0.31,-2.65
2023-02-21,13.46,13.56,13.56,13.32,0.17,0.44
2023-02-20,13.64,13.5,13.64,13.3,0.11,-1.03
2023-02-17,13.16,13.64,13.68,13.16,0.19,2.56
2023-02-16,13.44,13.3,13.6,13.2,0.13,-1.04
2023-02-15,13.6,13.44,13.6,13.3,0.28,-0.74
2023-02-14,13.66,13.54,13.72,13.38,0.14,-0.88
2023-02-13,13.48,13.66,13.76,13.2,0.17,0.15
2023-02-10,13.92,13.64,13.94,13.1,0.22,-1.16
2023-02-09,13.96,13.8,13.96,13.8,0.12,-1.29
2023-02-08,13.56,13.98,13.98,13.52,0.23,3.25
2023-02-07,13.72,13.54,13.74,13.5,0.11,-1.46
2023-02-06,13.92,13.74,13.98,13.7,0.21,-1.58
2023-02-03,13.94,13.96,13.98,13.76,0.25,0.43
2023-02-02,13.94,13.9,14.08,13.74,0.26,1.46
2023-02-01,13.56,13.7,13.9,13.48,0.63,1.03
2023-01-31,13.62,13.56,13.62,13.3,0.07,0.44
2023-01-30,13.7,13.5,13.7,13.4,0.14,-0.44
2023-01-27,13.6,13.56,13.7,13.56,0.12,-0.29
2023-01-26,13.64,13.6,13.72,13.58,0.11,0.74
2023-01-25,13.7,13.5,13.7,13.5,0.11,-1.46
2023-01-24,13.5,13.7,13.74,13.5,0.35,1.63
2023-01-23,13.4,13.48,13.72,13.26,0.28,0.9
2023-01-20,13.16,13.36,13.36,13.16,0.18,2.77
2023-01-19,13.58,13,13.58,12.9,0.5,-2.99
2023-01-18,13.6,13.4,13.8,13.4,0.23,-0.15
2023-01-17,13.78,13.42,13.82,13.4,0.24,-2.04
2023-01-16,13.38,13.7,13.76,13.38,0.3,2.39
2023-01-13,13.3,13.38,13.6,13.2,0.56,2.14
2023-01-12,13.12,13.1,13.28,13.04,0.35,-0.76
2023-01-11,13.4,13.2,13.62,13.2,0.55,-1.35
2023-01-10,13.04,13.38,13.38,13,0.4,2.92
2023-01-09,12.78,13,13,12.66,0.68,2.52
2023-01-05,12.8,12.68,12.94,12.46,0.77,0.32
2023-01-04,12.76,12.64,13,12.64,0.6,-0.94
2023-01-03,12.98,12.76,13.12,12.5,0.78,-1.85
2023-01-02,12.8,13,13.4,12.8,0.3,1.56
2022-12-30,13.08,12.8,13.14,12.76,0.45,-1.54
2022-12-29,12.96,13,13.06,12.84,0.39,1.4
2022-12-28,12.22,12.82,13.16,12.2,1,3.89
2022-12-27,12.62,12.34,12.62,12.3,1.03,-2.53
2022-12-23,13,12.66,13.08,12.52,0.82,-1.86
2022-12-22,13.06,12.9,13.36,12.84,0.67,0.47
2022-12-21,12.44,12.84,12.96,12.38,0.9,3.88
2022-12-20,13.2,12.36,13.2,12.3,2.15,-6.65
2022-12-19,13.36,13.24,13.58,13.16,1.05,-0.9
2022-12-16,13.7,13.36,13.7,13.34,0.41,-1.76
2022-12-15,13.82,13.6,13.82,13.46,1.29,-1.59
2022-12-14,13.82,13.82,13.98,13.7,0.56,-1.29
2022-12-13,13.98,14,14,13.7,0.42,0.14
2022-12-12,13.8,13.98,14,13.56,0.9,0.43
2022-12-09,14.8,13.92,14.8,13.74,4.29,-9.49
2022-12-08,15.3,15.38,15.42,15.28,0.12,1.59
2022-12-07,15.1,15.14,15.36,15,0.1,0.26
2022-12-06,15.28,15.1,15.38,15.1,0.21,-1.44
2022-12-05,15.12,15.32,15.38,15.12,0.39,0.92
2022-12-02,15.8,15.18,15.92,15.02,1,-3.44
2022-12-01,15.2,15.72,15.98,15.2,0.13,3.42
2022-11-30,15.3,15.2,15.54,15.02,0.28,-1.81
2022-11-29,15.6,15.48,15.6,15.36,0.27,-0.77
2022-11-28,16.34,15.6,16.34,15.32,0.58,-4.76
2022-11-25,16.38,16.38,16.38,16.38,0,0
2022-11-24,16.3,16.38,16.4,16.2,0.17,0.49
2022-11-23,16.2,16.3,16.36,16.2,0.2,0.62
2022-11-22,16.34,16.2,16.36,16.2,0.37,-1.22
2022-11-21,16.5,16.4,16.5,16.2,0.2,-0.24
2022-11-18,16.38,16.44,16.7,16.3,0.1,0.37
2022-11-17,16.3,16.38,16.52,16.2,0.19,0.49
2022-11-16,16.2,16.3,16.5,16.14,0.21,-1.69
2022-11-15,16.14,16.58,16.74,16.14,0.42,1.84
2022-11-14,16,16.28,16.3,15.9,0.3,1.75
2022-11-10,16.04,16,16.16,15.72,0.15,-0.37
2022-11-09,16.38,16.06,16.38,16.04,0.13,-1.47
2022-11-08,16.22,16.3,16.4,16.04,0.31,1.24
2022-11-07,15.96,16.1,16.36,15.9,0.58,1
2022-11-04,15.9,15.94,15.96,15.22,0.7,0.25
2022-11-03,15.3,15.9,15.94,15.12,0.56,2.85
2022-11-02,15.96,15.46,15.96,15.46,0.39,-3.01
2022-10-31,15.4,15.94,15.94,15.36,0.25,3.91
2022-10-28,15.7,15.34,15.82,15.02,0.34,-2.29
2022-10-27,15.38,15.7,15.86,15.34,0.24,2.88
2022-10-26,15.18,15.26,15.48,15.02,0.46,0.53
2022-10-25,14.76,15.18,15.2,14.7,0.33,1.47
2022-10-24,15.14,14.96,15.14,14.7,0.13,0.67
2022-10-21,15.18,14.86,15.2,14.86,0.05,-0.4
2022-10-20,15.3,14.92,15.3,14.8,0.08,-1.19
2022-10-19,15.3,15.1,15.3,15.1,0.19,0
2022-10-18,14.82,15.1,15.44,14.82,0.15,2.58
2022-10-17,14.98,14.72,15.1,14.72,0.05,-1.34
2022-10-14,14.98,14.92,15,14.9,0.06,1.5
2022-10-13,14.7,14.7,15,14.7,0.05,-0.54
2022-10-12,14.6,14.78,14.86,14.32,0.13,1.51
2022-10-11,14.64,14.56,14.88,14.52,0.35,-2.15
2022-10-10,15.2,14.88,15.28,14.64,0.24,-1.59
2022-10-07,15.48,15.12,15.48,15.12,0.22,-1.82
2022-10-06,15.6,15.4,15.6,15.2,0.22,-0.52
2022-10-05,15.5,15.48,15.6,15.22,0.15,0.26
2022-10-04,15,15.44,15.46,14.8,0.24,0.92
2022-10-03,15.36,15.3,15.46,14.94,0.4,1.86
2022-09-30,14.7,15.02,15.48,14.7,0.15,1.49
2022-09-29,15.26,14.8,15.34,14.78,0.26,-3.01
2022-09-28,15.46,15.26,15.46,15,0.3,-1.29
2022-09-27,15,15.46,15.48,14.82,0.2,3.62
2022-09-26,15.48,14.92,15.56,14.52,0.17,-3.62
2022-09-23,15.3,15.48,15.8,15.2,0.28,2.25
2022-09-22,15.1,15.14,15.4,15.02,0.43,-1.17
2022-09-21,15.7,15.32,16.06,15.22,0.39,-2.42
2022-09-20,16.2,15.7,16.2,15.7,0.25,-2.85
2022-09-19,15.9,16.16,16.16,15.72,0.11,-0.25
2022-09-16,16.28,16.2,16.28,15.8,0.09,-0.49
2022-09-15,15.98,16.28,16.3,15.74,0.18,2.39
2022-09-14,15.6,15.9,16,15.6,0.07,0
2022-09-13,15.92,15.9,16.2,15.88,0.17,-1.85
2022-09-12,16.44,16.2,16.44,15.82,0.11,-0.37
2022-09-09,15.8,16.26,16.26,15.64,0.29,2.91
2022-09-08,15.76,15.8,15.8,15.6,0.19,0.25
2022-09-07,15.34,15.76,15.8,15.34,0.23,0.9
2022-09-06,15.54,15.62,15.66,15.5,0.28,1.03
2022-09-05,15.8,15.46,15.8,15.3,0.26,-2.15
2022-09-02,14.8,15.8,15.8,14.8,0.47,5.33
2022-09-01,14.64,15,15.36,14.6,0.49,1.9
2022-08-31,14.94,14.72,15,14.42,0.34,-1.74
2022-08-30,15.34,14.98,15.48,14.8,0.31,-0.79
2022-08-29,15.12,15.1,15.3,14.98,0.29,1.21
2022-08-26,15.1,14.92,15.2,14.8,0.09,-0.53
2022-08-25,14.96,15,15.1,14.64,0.55,0.54
2022-08-24,15.4,14.92,15.4,14.5,0.56,-3.24
2022-08-23,15.38,15.42,15.46,15.22,0.33,0.26
2022-08-22,15.28,15.38,15.44,15.14,0.39,0.79
2022-08-19,15.32,15.26,15.5,15.26,0.14,0.13
2022-08-18,15.14,15.24,15.56,15.14,0.14,0.26
2022-08-17,15.7,15.2,15.8,15.2,0.47,-3.43
2022-08-16,15.42,15.74,15.74,15.32,0.47,3.55
2022-08-12,15.04,15.2,15.32,15.04,0.13,1.06
2022-08-11,15.46,15.04,15.5,14.98,0.43,-1.7
2022-08-10,15.26,15.3,15.32,15.14,0.22,-0.13
2022-08-09,15.38,15.32,15.56,15.26,0.34,1.06
2022-08-08,15.4,15.16,15.46,15.02,0.24,-1.69
2022-08-05,15.56,15.42,15.64,14.96,0.61,-0.13
2022-08-04,15,15.44,15.8,15,0.55,3.35
2022-08-03,14.98,14.94,15.18,14.9,0.48,-0.4
2022-08-02,15.04,15,15.06,14.82,0.99,-0.27
2022-08-01,16.2,15.04,16.9,15,3.36,-7.05
2022-07-29,16.46,16.18,16.78,16.16,0.45,-1.22
2022-07-28,17.08,16.38,17.1,16.2,0.81,0.61
2022-07-27,16.54,16.28,16.58,16.08,0.51,0.37
2022-07-26,16.9,16.22,16.92,16.2,0.43,-4.02
2022-07-25,16.9,16.9,17.18,16.66,0.36,0.6
2022-07-22,16.6,16.8,16.88,16.28,0.57,2.69
2022-07-21,16.8,16.36,16.8,16.36,0.37,-2.62
2022-07-20,16.9,16.8,17.28,16.52,0.95,2.31
2022-07-19,16.16,16.42,16.5,16.16,0.36,1.73
2022-07-18,16.26,16.14,16.38,16,0.15,0
2022-07-15,16.18,16.14,16.36,16.06,0.31,0
2022-07-14,16.06,16.14,16.52,15.92,0.26,0.5
2022-07-13,16.26,16.06,16.42,15.84,0.29,-1.47
2022-07-12,16.32,16.3,16.42,16.06,0.07,0.49
2022-07-11,16.5,16.22,16.6,16.02,0.38,-1.22
2022-07-08,16.68,16.42,16.7,16.2,0.24,-0.73
2022-07-07,16.12,16.54,16.74,16.1,0.28,1.97
2022-07-06,16.46,16.22,16.74,16,0.55,-1.46
2022-07-05,16.9,16.46,17.38,16.16,0.61,-3.18
2022-07-04,16.8,17,17.4,16.4,0.6,3.66
2022-07-01,17.3,16.4,18.12,16.38,1.63,-4.21
2022-06-30,17.8,17.12,18.5,17.04,1.33,-3.71
2022-06-29,16.88,17.78,19.4,16.8,7.69,6.09
2022-06-28,17.22,16.76,17.42,16.54,0.71,-3.34
2022-06-27,17,17.34,17.5,16.98,0.75,2.12
2022-06-24,16.52,16.98,16.98,16.52,0.17,2.29
2022-06-23,16.84,16.6,17.4,16.6,0.09,-2.92
2022-06-22,16.96,17.1,17.2,16.62,0.33,-1.72
2022-06-21,17.48,17.4,17.8,16.6,0.75,0.93
2022-06-20,16.48,17.24,18.1,16.2,0.92,5.12
2022-06-17,15.56,16.4,16.4,15.56,0.23,5.4
2022-06-15,15.32,15.56,15.84,15.32,0.22,1.57
2022-06-14,15.4,15.32,15.7,15.3,0.32,0.13
2022-06-13,16.1,15.3,16.1,15.14,0.82,-4.97
2022-06-10,16.82,16.1,16.82,16.04,1.02,-5.07
2022-06-09,16.96,16.96,17.02,16.76,0.5,0.71
2022-06-08,17,16.84,17.36,16.7,0.79,-2.55
2022-06-07,17.2,17.28,17.28,16.9,0.25,-0.12
2022-06-06,17.28,17.3,17.36,16.82,0.56,0.12
2022-06-03,17.3,17.28,17.56,17.2,1.19,0.7
2022-06-02,18.74,17.16,18.88,16.9,2.13,-6.94
2022-06-01,18.6,18.44,19.1,17.92,0.82,0.88
2022-05-31,17.4,18.28,18.6,16.92,1.85,5.66
2022-05-30,17.36,17.3,17.5,17.12,0.16,0.93
2022-05-27,17.5,17.14,17.5,17.1,0.22,-1.95
2022-05-26,16.88,17.48,17.5,16.88,0.09,4.05
2022-05-25,16.84,16.8,17.12,16.68,0.15,-0.12
2022-05-24,17.42,16.82,17.78,16.78,0.17,-3.22
2022-05-23,17.5,17.38,17.9,17.36,0.08,0.23
2022-05-20,17.6,17.34,17.9,17.32,0.12,0.81
2022-05-19,17.4,17.2,17.5,17.02,0.25,-2.05
2022-05-18,18.16,17.56,18.16,17.56,0.42,-3.3
2022-05-17,18.02,18.16,18.48,18.02,0.23,0.78
2022-05-16,17.8,18.02,18.3,17.46,0.44,0.33
2022-05-13,17.3,17.96,18.1,17.14,0.32,5.03
2022-05-12,17.36,17.1,18.1,16.66,1.03,-5
2022-05-11,17.58,18,18.78,17.38,0.57,5.88
2022-05-10,16.12,17,17.12,16,0.57,3.91
2022-05-09,16.24,16.36,16.96,16.1,0.38,-1.45
2022-05-06,17.12,16.6,17.16,15.92,1.48,-3.38
2022-05-05,18.54,17.18,18.94,16.84,0.85,-6.73
2022-05-04,18.58,18.42,18.96,18.32,0.44,-0.43
2022-05-02,18.9,18.5,19.3,18.2,0.33,-3.04
2022-04-29,18.56,19.08,19.48,18.5,0.4,3.14
2022-04-28,19.7,18.5,19.76,18.26,1.02,-5.32
2022-04-27,20.2,19.54,20.2,19.34,0.57,-3.27
2022-04-26,20.15,20.2,20.2,19.72,0.32,3.48
2022-04-25,19.98,19.52,20.6,19,1.11,-4.55
2022-04-22,20.45,20.45,20.45,20.45,0,0
2022-04-21,20.4,20.45,21,20,1.17,1.74
2022-04-20,20.6,20.1,21,20.1,0.99,-1.95
2022-04-19,19.98,20.5,20.7,19.1,2.09,2.6
2022-04-18,19.98,19.98,19.98,19.98,0,0
2022-04-15,19.98,19.98,19.98,19.98,0,0
2022-04-14,19.7,19.98,20.1,19.7,0.1,-0.6
2022-04-13,19.86,20.1,20.2,19.7,0.23,1.93
2022-04-12,19.8,19.72,20.2,19.68,0.22,-0.4
2022-04-11,20.25,19.8,20.25,19.52,0.3,-2.22
2022-04-08,19.48,20.25,20.3,19.48,0.35,3
2022-04-07,19.04,19.66,19.7,18.9,0.45,2.61
2022-04-06,19.32,19.16,19.74,18.8,0.97,-2.84
2022-04-05,20.1,19.72,20.5,19.4,1.49,-1.4
2022-04-04,20.5,20,20.95,19.42,2.64,0
2022-04-01,18.6,20,20.2,18.6,6.37,9.77
2022-03-31,18,18.22,18.5,17.8,1.13,1.22
2022-03-30,17.7,18,18,17.3,0.84,1.69
2022-03-29,17.38,17.7,17.8,17.18,0.91,1.84
2022-03-28,17.22,17.38,17.48,17.04,0.61,-0.34
2022-03-25,17.44,17.44,17.5,16.9,0.88,0
2022-03-24,17.6,17.44,17.62,17.04,0.71,-0.91
2022-03-23,16.96,17.6,17.6,16.56,1.37,4.51
2022-03-22,15.8,16.84,16.86,15.8,0.84,5.65
2022-03-21,16.78,15.94,16.78,15.8,2.14,2.31
2022-03-18,15.8,15.58,15.9,15.5,0.3,-2.01
2022-03-17,15.74,15.9,16.3,15.72,0.4,1.27
2022-03-16,15.44,15.7,15.84,15.44,0.12,1.95
2022-03-15,15.56,15.4,15.72,15.4,0.16,-2.28
2022-03-14,15.9,15.76,15.9,15.4,0.13,-0.25
2022-03-11,15.74,15.8,15.8,15.3,0.24,1.54
2022-03-10,15.16,15.56,15.7,15.16,0.28,3.73
2022-03-09,14,15,15.1,14,0.56,8.7
2022-03-08,14,13.8,14.72,13.6,0.94,0.29
2022-03-07,14.5,13.76,14.5,13.6,0.8,-4.04
2022-03-04,15.1,14.34,15.1,14.3,0.69,-5.66
2022-03-03,15.9,15.2,16,15.14,0.5,-2.56
2022-03-02,15.3,15.6,15.8,15.1,0.44,1.96
2022-03-01,15.46,15.3,15.78,15.04,0.56,-1.29
2022-02-28,14.84,15.5,16,14.84,0.48,0
2022-02-25,15,15.5,15.8,14.24,1.07,5.44
2022-02-24,15.14,14.7,15.4,13.4,1.99,-10.58
2022-02-23,16.3,16.44,16.9,16.1,0.37,0.86
2022-02-22,15.74,16.3,16.6,15.26,0.89,2.52
2022-02-21,16.56,15.9,16.7,15.46,0.76,-3.99
2022-02-18,16.5,16.56,16.86,16.5,0.16,0.24
2022-02-17,17.4,16.52,17.4,16.5,0.61,-5.06
2022-02-16,17.2,17.4,17.7,17,0.24,1.75
2022-02-15,17.2,17.1,17.66,17,0.5,0.59
2022-02-14,16.74,17,17.3,16.6,1.02,-4.28
2022-02-11,17.86,17.76,18.1,17.5,0.26,-2.31
2022-02-10,18.14,18.18,18.46,17.82,0.71,0.89
2022-02-09,18.1,18.02,18.48,18,0.27,-0.99
2022-02-08,18.12,18.2,18.4,17.8,0.97,0.55
2022-02-07,17.7,18.1,18.2,17.32,0.46,2.26
2022-02-04,17.8,17.7,17.8,17.28,0.85,-0.9
2022-02-03,18.12,17.86,18.3,17.56,0.46,-1.43
2022-02-02,17.26,18.12,18.24,17.24,1.73,6.59
2022-02-01,16.9,17,17.5,16.8,0.6,0
2022-01-31,16.5,17,17.2,16.48,0.45,5.99
2022-01-28,16.44,16.04,16.7,16.02,0.17,-3.37
2022-01-27,16.44,16.6,16.7,15.9,0.49,0.97
2022-01-26,15.8,16.44,16.46,15.62,0.4,6.06
2022-01-25,15.14,15.5,15.86,15.14,0.68,2.38
2022-01-24,16.32,15.14,16.64,14.84,1.47,-7.12
2022-01-21,17.2,16.3,17.28,16.12,0.94,-6.11
2022-01-20,17.7,17.36,17.8,17.2,0.35,-1.48
2022-01-19,17.54,17.62,17.62,17,0.32,0.46
2022-01-18,17.82,17.54,17.86,17.42,0.23,-1.46
2022-01-17,17.48,17.8,17.8,17.4,0.29,3.25
2022-01-14,17.42,17.24,17.5,16.74,0.84,-1.49
2022-01-13,17.76,17.5,17.86,17.5,0.26,-1.46
2022-01-12,18,17.76,18.06,17.62,0.31,-0.78
2022-01-11,17.96,17.9,17.98,17.7,0.23,0.79
2022-01-10,18.28,17.76,18.28,17.7,0.71,-1
2022-01-07,18.04,17.94,18.4,17.7,0.59,-0.33
2022-01-05,17.82,18,18.28,17.7,1.06,1.12
2022-01-04,17.18,17.8,18,17.18,1.33,2.42
2022-01-03,17,17.38,17.6,17,0.88,2.84
2021-12-31,16.9,16.9,16.9,16.9,0,0
2021-12-30,17,16.9,17,16.72,0.15,-0.35
2021-12-29,17.2,16.96,17.2,16.7,0.16,1.68
2021-12-28,16.8,16.68,17.26,16.68,0.19,-1.42
2021-12-27,16.98,16.92,17.44,16.78,0.58,0.12
2021-12-24,16.9,16.9,16.9,16.9,0,0
2021-12-23,16.9,16.9,17.14,16.68,0.32,-0.35
2021-12-22,17.12,16.96,17.5,16.82,0.68,-0.24
2021-12-21,16.46,17,17.12,16.4,0.86,3.66
2021-12-20,16.46,16.4,16.46,16,0.6,1.74
2021-12-17,16.04,16.12,16.42,15.92,0.83,0.75
2021-12-16,15.98,16,16.2,15.9,0.16,0.63
2021-12-15,16.1,15.9,16.1,15.9,0.19,-1.85
2021-12-14,16.3,16.2,16.38,15.94,0.14,-1.22
2021-12-13,16.08,16.4,16.4,15.96,0.22,1.74
2021-12-10,16.16,16.12,16.16,16,0.14,0.25
2021-12-09,16.12,16.08,16.2,15.2,0.75,0
2021-12-08,15.98,16.08,16.08,15.76,0.22,-0.12
2021-12-07,15.84,16.1,16.2,15.7,0.34,1.26
2021-12-06,16.08,15.9,16.08,15.68,0.25,-1.24
2021-12-03,16.24,16.1,16.5,16.1,0.35,-2.19
2021-12-02,15.9,16.46,16.7,15.9,1.01,4.97
2021-12-01,15.16,15.68,15.7,15,0.45,8.89
2021-11-30,14.4,14.4,14.4,14.4,0,0
2021-11-29,14.52,14.4,14.8,14.2,0.54,-2.04
2021-11-26,15.46,14.7,15.46,14.7,1.02,-5.65
2021-11-25,15.62,15.58,15.68,15.5,0.11,-0.26
2021-11-24,15.7,15.62,15.88,15.56,0.16,0
2021-11-23,15.96,15.62,15.96,15.5,0.47,-2.25
2021-11-22,16.72,15.98,16.72,15.76,0.98,-3.73
2021-11-19,16.74,16.6,16.74,16.5,0.38,0.36
2021-11-18,17.08,16.54,17.08,16.44,0.8,-3.16
2021-11-17,17.02,17.08,17.34,16.9,0.61,1.55
2021-11-16,17.1,16.82,17.1,16.5,0.37,-0.71
2021-11-15,17.08,16.94,17.34,16.5,1.71,2.67
2021-11-12,16.2,16.5,16.56,16.12,0.28,2.48
2021-11-10,16.24,16.1,16.36,16.1,0.3,-0.86
2021-11-09,16,16.24,16.28,16,0.24,1.37
2021-11-08,16.18,16.02,16.34,15.92,0.29,-2.32
2021-11-05,16.5,16.4,16.54,16.2,0.23,-0.12
2021-11-04,16.5,16.42,16.74,16.18,0.3,-0.48
2021-11-03,16.32,16.5,16.8,16.32,0.46,1.48
2021-11-02,15.8,16.26,16.46,15.76,0.51,1.88
2021-10-29,16,15.96,16,15.48,0.47,-0.75
2021-10-28,16.62,16.08,16.62,15.94,0.63,-3.6
2021-10-27,16.96,16.68,17.02,16.26,0.44,-1.53
2021-10-26,17.38,16.94,17.6,16.94,0.5,-2.53
2021-10-25,17.5,17.38,17.7,17.02,0.39,1.05
2021-10-22,17,17.2,17.2,16.9,0.19,1.18
2021-10-21,17.18,17,17.3,16.84,0.19,-1.05
2021-10-20,17.42,17.18,17.42,16.8,0.42,-1.38
2021-10-19,17.52,17.42,17.78,17.24,0.83,-0.23
2021-10-18,16.86,17.46,17.9,16.7,4.46,3.68
2021-10-15,16.5,16.84,16.9,16.5,0.69,2.06
2021-10-14,16.6,16.5,16.68,16.22,0.58,-0.12
2021-10-13,16.2,16.52,16.6,16.2,1.32,2.86
2021-10-12,16.18,16.06,16.18,15.94,0.22,-0.86
2021-10-11,16.22,16.2,16.22,16,0.17,0.12
2021-10-08,15.66,16.18,16.2,15.6,0.97,3.72
2021-10-07,15.34,15.6,15.6,15.32,0.2,1.96
2021-10-06,15.64,15.3,15.64,15.04,0.73,-2.17
2021-10-05,15.96,15.64,16.12,15.44,0.98,-3.93
2021-10-04,16.42,16.28,16.5,16.18,0.32,-1.21
2021-10-01,16.5,16.48,16.7,16.18,0.68,-0.12
2021-09-30,16.5,16.5,16.5,16.3,0.24,0
2021-09-29,16.02,16.5,16.5,15.94,0.46,1.6
2021-09-28,16.36,16.24,16.44,16.16,0.23,-0.37
2021-09-27,16.3,16.3,16.36,16.28,0.25,0.49
2021-09-24,16.48,16.22,16.48,16.22,0.17,-1.34
2021-09-23,16,16.44,16.74,16,0.81,3.27
2021-09-22,15.56,15.92,15.98,15.54,0.36,0.13
2021-09-21,15.5,15.9,15.9,15.3,0.5,2.98
2021-09-20,15.8,15.44,15.8,14.96,2.08,-2.77
2021-09-17,16.22,15.88,16.44,15.88,0.29,-3.29
2021-09-16,16.5,16.42,16.74,15.92,0.73,-0.48
2021-09-15,16.72,16.5,16.82,16.46,0.43,-2.02
2021-09-14,16.9,16.84,16.9,16.6,0.22,-0.24
2021-09-13,16.78,16.88,16.96,16.6,0.6,1.08
2021-09-10,16.9,16.7,16.9,16.64,0.26,-0.6
2021-09-09,16.98,16.8,16.98,16.58,0.24,-0.59
2021-09-08,16.62,16.9,16.9,16.38,0.7,0.96
2021-09-07,16.62,16.74,16.9,16.5,0.47,1.09
2021-09-06,17,16.56,17.28,16.06,1.27,-2.7
2021-09-03,17,17.02,17.18,16.76,0.72,-0.12
2021-09-02,16.46,17.04,17.36,16.36,3.09,4.54
2021-09-01,15.9,16.3,16.4,15.7,2.38,2.77
2021-08-31,15.68,15.86,15.98,15.68,1.2,3.39
2021-08-30,15.14,15.34,15.46,15.14,0.4,1.46
2021-08-27,15.16,15.12,15.26,15,0.36,-0.13
2021-08-26,15.3,15.14,15.4,15.04,0.38,-1.05
2021-08-25,15.42,15.3,15.42,15.04,0.38,-0.52
2021-08-24,15.44,15.38,15.56,15.28,0.65,0
2021-08-23,15.2,15.38,15.4,15.2,0.5,1.85
2021-08-20,14.96,15.1,15.3,14.8,0.63,0.67
2021-08-19,15.12,15,15.2,14.76,1.41,-2.6
2021-08-18,15.44,15.4,15.46,14.92,1.2,-0.26
2021-08-17,15.12,15.44,15.44,14.92,1.54,3.62
2021-08-16,14.86,14.9,15.1,14.1,1.31,0
2021-08-13,14.96,14.9,15.06,14.76,0.63,-0.4
2021-08-12,15,14.96,15.1,14.8,0.49,-0.27
2021-08-11,14.68,15,15.1,14.58,1.41,2.6
2021-08-10,14.42,14.62,14.62,14.38,0.82,1.39
2021-08-09,14.48,14.42,14.5,14.12,0.49,0.14
2021-08-06,14.4,14.4,14.4,14.1,0.21,0
2021-08-05,14.18,14.4,14.42,14.08,0.58,1.84
2021-08-04,14.04,14.14,14.4,14.04,0.79,0.86
2021-08-03,14.1,14.02,14.28,13.84,0.84,2.64
2021-08-02,13.5,13.66,14.16,13.32,0.76,2.71
2021-07-30,13.5,13.3,13.5,13.2,0.14,0.15
2021-07-29,13.5,13.28,13.5,13.2,0.31,-0.9
2021-07-28,13.3,13.4,13.6,13.3,0.19,0.75
2021-07-27,13.56,13.3,13.6,13.26,0.14,-1.77
2021-07-26,13.28,13.54,13.56,13.12,0.28,3.36
2021-07-23,12.82,13.1,13.3,12.82,0.2,1.55
2021-07-22,12.7,12.9,13.04,12.66,0.24,1.74
2021-07-21,12.76,12.68,12.8,12.5,0.25,-0.16
2021-07-20,12.5,12.7,12.78,12.34,0.55,0.79
2021-07-19,13.32,12.6,13.32,12.6,1.42,-5.41
2021-07-16,13.62,13.32,13.7,13.32,0.28,-2.2
2021-07-15,13.96,13.62,13.96,13.38,0.67,-2.01
2021-07-14,14.1,13.9,14.1,13.82,0.47,-1.56
2021-07-13,14.14,14.12,14.2,14,0.05,0.86
2021-07-12,14.12,14,14.36,13.94,0.3,-1.55
2021-07-09,13.84,14.22,14.26,13.8,0.06,2.89
2021-07-08,14.28,13.82,14.28,13.8,0.5,-3.36
2021-07-07,14.34,14.3,14.34,14.2,0.13,-0.28
2021-07-06,14.6,14.34,14.6,14.06,0.29,-1.51
2021-07-05,14.78,14.56,14.9,14.48,0.39,-1.36
2021-07-02,14.7,14.76,15,14.6,0.72,2.93
2021-07-01,14.02,14.34,14.5,14.02,0.1,-0.97
2021-06-30,14.4,14.48,14.54,14.26,0.31,0.56
2021-06-29,14.5,14.4,14.7,14.3,0.29,-1.77
2021-06-28,14.32,14.66,14.7,14.32,0.3,2.09
2021-06-25,14.4,14.36,14.46,14.26,0.06,-0.28
2021-06-24,14.46,14.4,14.48,14.24,0.17,-0.41
2021-06-23,14.12,14.46,14.48,14.12,0.25,2.55
2021-06-22,13.92,14.1,14.3,13.92,0.22,1.44
2021-06-21,13.84,13.9,13.9,13.52,0.45,-0.14
2021-06-18,13.84,13.92,14.06,13.72,0.37,0.43
2021-06-17,14.22,13.86,14.5,13.3,1.84,-4.02
2021-06-16,14.5,14.44,14.5,14,0.72,-0.41
2021-06-15,14.68,14.5,14.8,14.5,0.42,-1.36
2021-06-14,14.78,14.7,14.9,14.66,0.2,-0.27
2021-06-11,14.6,14.74,14.78,14.52,0.39,0.96
2021-06-10,14.8,14.6,14.94,14.42,0.68,-1.35
2021-06-09,14.6,14.8,15,14.56,0.38,1.37
2021-06-08,15,14.6,15,14.56,1.32,-3.31
2021-06-07,15.7,15.1,15.72,14.76,1.49,-3.82
2021-06-04,16.06,15.7,16.1,15.64,0.51,6.08
2021-06-03,14.8,14.8,14.8,14.8,0,0
2021-06-01,14.9,14.8,15.44,14.6,1.74,0.41
2021-05-31,14.5,14.74,15.04,14.5,0.42,1.94
2021-05-28,14.62,14.46,14.66,14.36,0.4,0.28
2021-05-27,14.6,14.42,14.7,14.3,0.46,-1.23
2021-05-26,14.42,14.6,14.7,14.3,0.41,0.69
2021-05-25,14.64,14.5,14.72,14.4,0.23,-0.96
2021-05-24,14.58,14.64,14.74,14.42,0.32,0.69
2021-05-21,14.84,14.54,14.84,14.3,0.67,-1.36
2021-05-20,14.6,14.74,15.06,14.6,0.39,0.96
2021-05-19,14.96,14.6,14.96,14.52,0.39,-2.01
2021-05-18,15,14.9,15.06,14.56,0.19,-0.53
2021-05-17,14.8,14.98,14.98,14.56,0.5,1.22
2021-05-14,14.78,14.8,14.8,14.12,0.78,1.37
2021-05-13,14.86,14.6,14.86,13.92,1.66,-2.01
2021-05-12,15.2,14.9,15.3,14.9,0.56,-1.72
2021-05-11,15.68,15.16,15.7,15,1.09,-2.19
2021-05-10,15,15.5,16.26,14.86,3.55,3.33
2021-05-07,15.02,15,15.4,14.9,0.63,0.81
2021-05-06,15.1,14.88,15.28,14.56,1.09,-1.46
2021-05-05,15.22,15.1,15.6,14.96,2.51,1.89
2021-05-04,15.14,14.82,15.3,14.76,0.6,-2.11
2021-04-30,14.8,15.14,15.2,14.72,0.61,2.57
2021-04-29,14.58,14.76,14.9,14.52,0.49,1.65
2021-04-28,14.98,14.52,15.16,14.5,0.97,-4.22
2021-04-27,15.46,15.16,15.52,14.9,0.82,-0.26
2021-04-26,14.8,15.2,15.6,14.66,2.75,4.68
2021-04-23,14.66,14.52,14.8,14.36,0.64,-1.76
2021-04-22,13.8,14.78,14.9,13.8,2.04,7.1
2021-04-21,13.96,13.8,14.08,13.7,0.54,-0.72
2021-04-20,14.1,13.9,14.12,13.6,0.49,-1.28
2021-04-19,14.64,14.08,14.64,13.92,0.83,-2.9
2021-04-16,14.56,14.5,14.58,14.26,0.45,0.14
2021-04-15,14.6,14.48,14.6,14.28,0.3,0.56
2021-04-14,14.38,14.4,14.8,14.38,0.33,0.28
2021-04-13,15,14.36,15,14.2,0.97,-4.27
2021-04-12,15,15,15.02,14.84,0.72,0.27
2021-04-09,14.86,14.96,15.06,14.7,0.44,-0.27
2021-04-08,14.96,15,15.08,14.56,1.01,0.13
2021-04-07,14.6,14.98,15.24,14.6,2.66,3.31
2021-04-06,14.28,14.5,14.5,13.8,1.3,3.57
2021-04-05,14,14,14,14,0,0
2021-04-02,14,14,14,14,0,0
2021-04-01,13.26,14,14.28,13.26,2.21,4.09
2021-03-31,13.3,13.45,13.5,13.25,0.28,-0.74
2021-03-30,13.5,13.55,13.55,13.25,0.42,0.74
2021-03-29,13.55,13.45,13.55,13.05,0.4,1.51
2021-03-26,13.15,13.25,13.4,13.05,0.39,0.76
2021-03-25,13.3,13.15,13.3,13,0.33,-1.5
2021-03-24,13.7,13.35,13.7,13.2,0.36,-2.55
2021-03-23,13.75,13.7,13.8,13.55,0.54,0.37
2021-03-22,13.25,13.65,13.7,13.1,0.68,3.41
2021-03-19,13.2,13.2,13.2,13,0.35,0
2021-03-18,13.25,13.2,13.25,13,0.31,0
2021-03-17,13.15,13.2,13.5,12.9,1.19,0.38
2021-03-16,13.45,13.15,13.45,13.1,0.47,-2.23
2021-03-15,13.6,13.45,13.7,13.3,0.57,-1.82
2021-03-11,14.3,13.7,14.3,13.5,1.38,-3.18
2021-03-10,13.4,14.15,14.5,13.4,3.7,6.79
2021-03-09,13,13.25,13.35,12.9,0.43,2.32
2021-03-08,13.3,12.95,13.3,12.9,0.61,-2.26
2021-03-05,13.25,13.25,13.25,13.1,0.13,0.38
2021-03-04,13.25,13.2,13.3,13,0.51,-1.49
2021-03-03,13.45,13.4,13.55,13.2,0.37,-0.37
2021-03-02,13.4,13.45,13.45,13.1,0.41,0.37
2021-03-01,13.65,13.4,13.8,13.05,0.49,1.13
2021-02-26,13.45,13.25,13.45,13.1,0.47,-2.93
2021-02-25,13.8,13.65,14,13.65,0.71,1.87
2021-02-24,12.9,13.4,13.4,12.8,0.27,3.08
2021-02-23,13.4,13,13.4,12.75,0.72,-2.99
2021-02-22,13.5,13.4,13.6,13.4,0.3,-0.74
2021-02-19,13.5,13.5,13.7,13.15,0.58,0
2021-02-18,13.8,13.5,13.85,13.5,0.52,-1.82
2021-02-17,13.8,13.75,13.95,13.5,0.48,0.36
2021-02-16,13.2,13.7,13.85,13.2,1.16,3.79
2021-02-15,13.2,13.2,13.65,13.05,0.51,0
2021-02-12,13.4,13.2,13.4,13.05,0.7,-1.49
2021-02-11,13.2,13.4,13.7,13.2,1.19,1.9
2021-02-10,12.55,13.15,13.15,12.35,1.47,5.62
2021-02-09,12.9,12.45,12.9,12.3,2.04,-3.49
2021-02-08,13.25,12.9,13.4,12.9,0.77,-3.01
2021-02-05,13.25,13.3,13.35,13,0.42,1.14
2021-02-04,13.1,13.15,13.5,12.65,1.37,0.38
2021-02-03,13.4,13.1,13.4,12.65,2.4,-3.68
2021-02-02,13.8,13.6,14.15,13.4,1.91,-3.89
2021-02-01,14.5,14.15,14.75,14.1,0.7,-0.35
2021-01-29,14.15,14.2,14.45,13.8,0.72,-2.07
2021-01-28,14.15,14.5,14.6,13.15,3.21,1.75
2021-01-27,15.2,14.25,15.2,13.5,7.53,-8.65
2021-01-26,16.5,15.6,16.55,15.3,1.67,-4.59
2021-01-25,15.8,16.35,16.8,15.75,1.96,4.14
2021-01-22,15.5,15.7,15.7,14.75,1.06,0
2021-01-21,15.9,15.7,16.35,15.7,0.71,-0.32
2021-01-20,15.75,15.75,15.9,15.5,0.43,0
2021-01-19,16,15.75,16.1,15.5,0.85,-1.25
2021-01-18,16,15.95,16.15,15.55,0.64,0.31
2021-01-15,16.45,15.9,16.45,15.8,0.86,-2.75
2021-01-14,15.95,16.35,16.35,15.8,0.9,2.19
2021-01-13,16.25,16,16.3,15.8,0.88,-0.93
2021-01-12,15.25,16.15,16.4,15.1,2.27,3.53
2021-01-11,16.45,15.6,16.45,15.5,1.77,-4.29
2021-01-08,16.95,16.3,16.95,16.1,1.21,-2.4
2021-01-07,16.75,16.7,17,16,3.21,-0.3
2021-01-05,16.4,16.75,17.35,16.4,4.58,2.76
2021-01-04,15.55,16.3,16.7,15.5,2.18,5.5
2020-12-31,15.45,15.45,15.45,15.45,0,0
2020-12-30,15.4,15.45,15.55,14.55,1.33,2.32
2020-12-29,15.3,15.1,15.9,15.1,2.75,0.67
2020-12-28,14.2,15,15,14.2,2.62,6.38
2020-12-24,14.1,14.1,14.1,14.1,0,0
2020-12-23,14.15,14.1,14.9,13.85,3,0.71
2020-12-22,13.6,14,14.4,13.6,1.1,1.45
2020-12-21,14.1,13.8,14.2,13.05,2.28,-3.5
2020-12-18,13.65,14.3,14.4,13.15,2.02,5.15
2020-12-17,14.4,13.6,14.55,13.4,2.49,-5.56
2020-12-16,12.9,14.4,14.4,12.9,4.08,12.5
2020-12-15,11.85,12.8,12.9,11.8,2.26,7.56
2020-12-14,12,11.9,12.1,11.7,0.39,-1.24
2020-12-11,12,12.05,12.1,11.65,0.81,0
2020-12-10,12.55,12.05,12.55,12.05,0.79,-3.21
2020-12-09,12.1,12.45,13.1,11.95,2.41,4.18
2020-12-08,12.1,11.95,12.1,11.75,0.45,0
2020-12-07,12.15,11.95,12.3,11.6,1.11,-1.65
2020-12-04,12.1,12.15,12.25,12,0.16,0.83
2020-12-03,12.3,12.05,12.3,11.85,0.49,0.42
2020-12-02,12.1,12,12.5,11.8,0.83,2.13
2020-12-01,12.45,11.75,12.55,11.75,1.06,-4.86
2020-11-30,11.35,12.35,12.4,10.8,2.38,7.86
2020-11-27,11.55,11.45,11.55,11.2,0.37,1.78
2020-11-26,11.7,11.25,11.7,11.15,1,-4.66
2020-11-25,12.3,11.8,12.3,11.6,0.93,-3.67
2020-11-24,12.45,12.25,12.45,12.1,0.5,-1.21
2020-11-23,12.55,12.4,12.55,12.2,0.74,-0.4
2020-11-20,12.2,12.45,12.6,12.05,0.97,1.22
2020-11-19,12.45,12.3,12.65,12.05,0.75,-1.99
2020-11-18,12.15,12.55,12.7,11.65,1.46,2.03
2020-11-17,13,12.3,13,12.05,1.56,-4.28
2020-11-16,13.35,12.85,13.5,12.4,3.45,-1.53
2020-11-13,12.6,13.05,13.15,12.4,1.68,4.82
2020-11-12,11.3,12.45,12.8,11.3,1.66,10.18
2020-11-10,11.5,11.3,11.85,11.05,1.3,-1.74
2020-11-09,10.1,11.5,11.6,10.1,2.57,13.3
2020-11-06,10.75,10.15,10.8,9.74,1.38,-2.87
2020-11-05,10.4,10.45,10.9,10.3,1.26,3.47
2020-11-04,10.3,10.1,10.3,9.32,1.45,0.5
2020-11-03,10,10.05,10.4,9.9,1.27,2.13
2020-11-02,9,9.84,10,9,0.95,9.33
2020-10-30,9.28,9,9.28,8.8,0.84,-2.6
2020-10-29,9,9.24,9.36,8.84,0.87,0.43
2020-10-28,10.05,9.2,10.15,8.5,1.41,-7.44
2020-10-27,9.7,9.94,11.25,9.2,3.28,1.43
2020-10-26,9.92,9.8,10.15,9.7,0.54,-2
2020-10-23,10.2,10,11.05,9.88,1.16,-1.96
2020-10-22,10.55,10.2,10.6,10.05,1.09,-3.32
2020-10-21,11.1,10.55,11.1,10.5,0.49,-4.09
2020-10-20,10.9,11,11.4,10.7,0.91,-1.79
2020-10-19,11.45,11.2,11.45,10.9,0.99,-2.18
2020-10-16,11,11.45,11.7,10.25,3.06,2.23
2020-10-15,12.3,11.2,12.4,11.1,3.53,-8.57
2020-10-14,12.6,12.25,12.6,12.1,1.47,-2.78
2020-10-13,13,12.6,13,12.2,0.9,-2.7
2020-10-12,13.25,12.95,13.25,12.7,1.19,0.39
2020-10-09,12.5,12.9,13.05,12.05,2.33,2.38
2020-10-08,13.3,12.6,13.95,12.45,4.46,-5.26
2020-10-07,13.9,13.3,14,13.25,0.94,-4.32
2020-10-06,14.5,13.9,14.75,13.8,3.27,1.46
2020-10-05,12.9,13.7,13.7,12.9,2.01,6.2
2020-10-02,13.4,12.9,13.8,12.8,2.13,-1.53
2020-10-01,13.3,13.1,13.45,13.1,0.47,-1.5
2020-09-30,13.6,13.3,13.6,13.05,0.57,-2.21
2020-09-29,13.05,13.6,13.75,12.75,1.37,5.02
2020-09-28,12.8,12.95,13.25,12.25,1.43,2.78
2020-09-25,12.45,12.6,12.85,12,1.04,1.61
2020-09-24,12.9,12.4,12.9,12,1.57,-4.98
2020-09-23,13.5,13.05,14,12.95,1.54,-2.25
2020-09-22,12.95,13.35,13.5,12.75,1.09,2.69
2020-09-21,13.65,13,13.9,12.85,1.25,-4.06
2020-09-18,13.55,13.55,13.9,13.35,0.68,0.74
2020-09-17,13.9,13.45,14,13.25,1.36,-4.95
2020-09-16,14,14.15,14.6,13.95,1.17,1.8
2020-09-15,13.95,13.9,14.1,13.7,0.92,2.96
2020-09-14,13.4,13.5,13.85,13.05,1.32,3.45
2020-09-11,13.35,13.05,13.7,12.7,1.4,-3.69
2020-09-10,14.8,13.55,15.1,12.8,4.96,-6.55
2020-09-09,12.4,14.5,14.8,12,5.1,12.4
2020-09-08,13.5,12.9,13.6,11,7.16,-4.44
2020-09-07,14.7,13.5,14.95,13.25,4.28,-7.85
2020-09-04,14,14.65,15.9,14,3.91,2.09
2020-09-03,15,14.35,16,14.15,2.64,-3.37
2020-09-02,14.3,14.85,15,14,1.68,5.32
2020-09-01,15.2,14.1,15.3,13.85,2.14,-6
2020-08-31,15.65,15,15.65,15,1.33,-2.91
2020-08-28,15.9,15.45,15.95,15.1,0.97,-3.13
2020-08-27,15.8,15.95,16.1,15,1.53,2.9
2020-08-26,16.15,15.5,16.4,15.25,1.47,-3.43
2020-08-25,16.9,16.05,17,15.95,1.92,-6.14
2020-08-24,17.4,17.1,17.7,16.8,1.42,0.29
2020-08-21,18.05,17.05,18.2,17.05,1.12,-4.75
2020-08-20,17.1,17.9,18.8,16.05,13.54,2.29
2020-08-19,14,17.5,17.5,13.95,7.55,26.81
2020-08-18,15,13.8,15.35,13.55,4.66,-9.8
2020-08-17,15.8,15.3,15.8,14.9,1.74,-2.55
2020-08-14,16.25,15.7,16.4,15.3,1.26,-1.88
2020-08-13,16.45,16,17.5,14.55,5.92,0.31
2020-08-12,17.8,15.95,17.8,15.7,3.11,-10.39
2020-08-11,18.4,17.8,18.4,16.65,1.67,-2.2
2020-08-10,18,18.2,18.8,17.7,2.65,3.7
2020-08-07,18.5,17.55,18.75,16.65,5.86,-7.87
2020-08-06,18.7,19.05,20.4,17.6,16.78,11.4
2020-08-05,17.2,17.1,17.5,15.75,3.01,0
2020-08-04,18.5,17.1,18.75,15.9,6.52,-7.32
2020-08-03,18.5,18.45,19,17,5.63,9.82
2020-07-31,14.5,16.8,16.9,13.35,7.27,15.86
2020-07-30,19,14.5,19.8,13.55,10,-24.28
2020-07-29,20.2,19.15,22.2,17.8,12.36,0.26
2020-07-28,19.1,19.1,19.1,17.65,4.77,19.75
2020-07-27,13.2,15.95,15.95,13,6.7,27.6
2020-07-24,12.7,12.5,13.95,11.5,4.55,4.17
2020-07-23,16,12,16,11.75,9.7,11.11
2020-07-22,9.82,10.8,10.8,9.82,0.6,14.89
2020-07-21,8.86,9.4,9.42,8.28,2.79,6.09
2020-07-20,9,8.86,9.38,8.72,2.55,2.31
2020-07-17,8.7,8.66,8.84,8.5,1.12,0.23
2020-07-16,9.02,8.64,9.14,8.54,2.01,-3.57
2020-07-15,9.14,8.96,9.38,8.42,2.47,-1.1
2020-07-14,9.76,9.06,9.78,9,2.56,-4.83
2020-07-13,8.94,9.52,9.82,8.94,4.18,10.19
2020-07-10,8.46,8.64,8.7,7.9,3.29,4.1
2020-07-09,8.98,8.3,9,7.66,2.76,-4.6
2020-07-08,8.88,8.7,9.5,8.32,5.46,2.35
2020-07-07,7.5,8.5,9.06,7.48,7.32,15.8
2020-07-06,6.52,7.34,7.5,6.42,4.82,16.14
2020-07-03,6.18,6.32,6.34,6.1,0.52,3.61
2020-07-02,6.1,6.1,6.24,5.96,0.42,0
2020-07-01,6,6.1,6.2,5.8,0.45,2.01
2020-06-30,6.54,5.98,6.58,5.96,1.92,0.34
2020-06-29,5.48,5.96,5.96,5.08,0.8,12.03
2020-06-26,5.64,5.32,5.64,5.32,0.16,-3.62
2020-06-25,5.6,5.52,5.68,5.4,0.13,-2.82
2020-06-24,5.78,5.68,5.78,5.52,0.22,-0.7
2020-06-23,5.88,5.72,5.88,5.5,0.27,-2.39
2020-06-22,5.8,5.86,5.86,5.6,0.25,1.03
2020-06-19,5.88,5.8,5.88,5.7,0.13,-0.68
2020-06-18,5.84,5.84,5.92,5.7,0.34,-0.68
2020-06-17,5.94,5.88,5.96,5.78,0.13,-0.68
2020-06-16,5.68,5.92,5.96,5.68,0.39,3.86
2020-06-15,5.64,5.7,5.8,5.58,0.11,-1.38
2020-06-12,5.68,5.78,5.8,5.3,0.64,8.24
2020-06-11,5.34,5.34,5.34,5.34,0,0
2020-06-09,5.5,5.34,5.5,5.2,0.13,-1.84
2020-06-08,5.3,5.44,5.56,5.24,0.31,3.42
2020-06-05,5.24,5.26,5.34,5.04,0.1,0.38
2020-06-04,5.32,5.24,5.42,5.2,0.17,-1.5
2020-06-03,4.9,5.32,5.4,4.9,0.47,10.37
2020-06-02,4.7,4.82,4.82,4.67,0.2,4.1
2020-06-01,4.41,4.63,4.8,4.41,0.1,5.23
2020-05-29,4.38,4.4,4.59,4.29,0.13,0.92
2020-05-28,4.4,4.36,4.46,4.31,0.11,-0.23
2020-05-27,4.65,4.37,5,4.33,0.31,-5
2020-05-26,4.4,4.6,4.64,4.21,0.38,7.73
2020-05-25,4.23,4.27,4.27,4.17,0.04,0.47
2020-05-22,4.29,4.25,4.29,4.15,0.03,-0.93
2020-05-21,4.47,4.29,4.47,4.2,0.09,-2.5
2020-05-20,4.33,4.4,4.5,4.3,0.11,1.85
2020-05-19,4.37,4.32,4.37,4.24,0.02,-1.14
2020-05-18,4.2,4.37,4.39,4.14,0.06,4.3
2020-05-15,4.17,4.19,4.33,4.12,0.02,-1.87
2020-05-14,4.4,4.27,4.4,4.15,0.08,-4.47
2020-05-13,4.48,4.47,4.49,4.4,0.02,-0.45
2020-05-12,4.34,4.49,4.51,4.24,0.17,3.46
2020-05-11,4.36,4.34,4.4,4.26,0.01,0.7
2020-05-08,4.36,4.31,4.36,4.23,0.22,-0.46
2020-05-07,4.43,4.33,4.43,4.18,0.03,0
2020-05-06,4.4,4.33,4.5,4.33,0.22,-1.37
2020-05-05,4.39,4.39,4.69,4.31,0.25,0.23
2020-05-04,4.5,4.38,4.5,4.22,0.06,-0.9
2020-04-30,4.5,4.42,4.78,4.3,0.3,1.38
2020-04-29,4.22,4.36,4.37,3.9,0.34,4.06
2020-04-28,4.24,4.19,4.24,4.06,0.07,0.24
2020-04-27,4.29,4.18,4.4,4.05,0.13,-2.56
2020-04-24,4.32,4.29,4.36,4.19,0.11,0.47
2020-04-23,4.37,4.27,4.37,4.17,0.03,0
2020-04-22,4.2,4.27,4.33,4.02,0.08,1.67
2020-04-21,4.48,4.2,4.48,4,0.24,-5.41
2020-04-20,4.31,4.44,4.5,4.31,0.07,3.02
2020-04-17,4.58,4.31,4.58,4.23,0.25,-6.3
2020-04-16,4.56,4.6,4.68,4.43,0.04,0.88
2020-04-15,4.7,4.56,4.7,4.38,0.16,1.33
2020-04-14,4.13,4.5,4.7,4,0.25,12.78
2020-04-13,3.99,3.99,3.99,3.99,0,0
2020-04-10,3.99,3.99,3.99,3.99,0,0
2020-04-09,3.8,3.99,4.35,3.8,0.28,5.84
2020-04-08,3.8,3.77,3.89,3.75,0.1,0.53
2020-04-07,3.57,3.75,3.87,3.56,0.4,7.45
2020-04-06,3.23,3.49,3.55,3.23,0.3,8.39
2020-04-03,3.25,3.22,3.26,3.19,0.02,0.63
2020-04-02,3.26,3.2,3.36,3.2,0.04,-1.23
2020-04-01,3.27,3.24,3.3,3.14,0.06,0
2020-03-31,3.23,3.24,3.33,3.07,0.1,0.62
2020-03-30,3.26,3.22,3.26,3.1,0.11,-0.31
2020-03-27,3.27,3.23,3.33,3.21,0.09,-0.62
2020-03-26,3.31,3.25,3.31,3.15,0.11,0.31
2020-03-25,3.3,3.24,3.5,3.2,0.11,-1.52
2020-03-24,3.28,3.29,3.49,3.22,0.06,3.13
2020-03-23,3.3,3.19,3.6,3.01,0.22,-6.73
2020-03-20,3.35,3.42,3.79,3.24,0.35,3.01
2020-03-19,3.05,3.32,3.44,2.99,0.25,11.04
2020-03-18,3.49,2.99,3.49,2.99,0.63,-14.08
2020-03-17,3.07,3.48,3.5,3.07,0.37,13.36
2020-03-16,2.8,3.07,3.07,2.52,0.69,7.34
2020-03-13,2.9,2.86,3.19,2.82,0.5,-29.73
2020-03-12,4.07,4.07,4.07,4.07,0,0
2020-03-11,4.07,4.07,4.07,4.07,0,0
2020-03-10,4.2,4.07,4.45,4,0.24,-0.73
2020-03-09,4.5,4.1,4.54,4.04,0.29,-14.94
2020-03-06,4.86,4.82,5,4.6,0.1,-2.43
2020-03-05,5.3,4.94,5.5,4.91,0.33,-6.44
2020-03-04,5.36,5.28,5.42,4.91,0.87,-4
2020-03-03,5.1,5.5,5.5,5.08,0.29,12.24
2020-03-02,5,4.9,5.1,4.76,0.13,2.94
2020-02-28,4.99,4.76,5.1,4.5,0.47,-9.85
2020-02-27,5.68,5.28,5.96,5,0.88,-8.97
2020-02-26,5.5,5.8,6,5.36,0.44,2.84
2020-02-25,5.6,5.64,5.68,5.34,0.24,-1.4
2020-02-24,6.4,5.72,6.46,5.72,0.86,-14.37
2020-02-21,6.76,6.68,6.76,6.4,0.15,-1.47
2020-02-20,6.78,6.78,6.8,6.6,0.11,1.19
2020-02-19,6.9,6.7,6.98,6.32,0.94,-2.62
2020-02-18,7.1,6.88,7.1,6.78,0.54,-3.1
2020-02-17,6.52,7.1,7.1,6.5,1.2,9.23
2020-02-14,6.58,6.5,6.66,6.46,0.45,-0.61
2020-02-13,6.5,6.54,6.64,6.4,0.2,3.15
2020-02-12,6.6,6.34,6.6,6.3,0.07,-2.46
2020-02-11,6.66,6.5,6.66,6.46,0.12,-2.11
2020-02-10,6.38,6.64,6.64,6.2,0.52,4.08
2020-02-07,6.2,6.38,6.38,6.18,0.13,2.9
2020-02-06,6.5,6.2,6.64,6.12,0.42,-3.13
2020-02-05,6.3,6.4,6.7,6.06,0.99,0
2020-02-04,6.38,6.4,6.5,6.24,0.09,1.59
2020-02-03,6.68,6.3,6.68,6.2,0.23,1.61
2020-01-31,6.2,6.2,6.3,5.96,0.52,0
2020-01-30,6.06,6.2,6.24,5.88,0.13,0.98
2020-01-29,6.12,6.14,6.3,6.12,0.02,-0.32
2020-01-28,6.2,6.16,6.3,6,0.05,2.33
2020-01-27,6.58,6.02,6.6,6,0.17,-8.51
2020-01-24,6.36,6.58,6.62,6.24,0.06,2.81
2020-01-23,6.72,6.4,6.72,6.24,0.16,-2.74
2020-01-22,6.6,6.58,6.88,6.58,0.12,-0.6
2020-01-21,6.94,6.62,6.94,6.4,0.4,-3.22
2020-01-20,7.38,6.84,7.38,6.82,0.23,-5
2020-01-17,7.2,7.2,7.4,6.8,0.41,1.12
2020-01-16,7.1,7.12,7.42,6.92,0.19,-2.47
2020-01-15,7.2,7.3,7.5,6.84,1.41,1.96
2020-01-14,6.58,7.16,7.16,6.44,1.11,10.15
2020-01-13,6.14,6.5,6.56,6.14,0.38,5.86
2020-01-10,6.2,6.14,6.46,6.04,0.16,-0.32
2020-01-09,6.16,6.16,6.16,5.92,0.17,0
2020-01-08,6.34,6.16,6.34,5.86,0.23,-2.53
2020-01-07,6.32,6.32,6.5,6.16,0.05,0.32
2020-01-03,6.8,6.3,6.8,6.3,0.07,-4.55
2020-01-02,6.22,6.6,6.78,6.18,0.1,5.77
2019-12-31,6.24,6.24,6.24,6.24,0,0
2019-12-30,6.2,6.24,6.38,6.2,0.03,2.3
2019-12-27,6.2,6.1,6.32,5.82,0.07,-1.61
2019-12-24,6.2,6.2,6.2,6.2,0,0
2019-12-23,6.16,6.2,6.34,6.02,0.08,0
2019-12-20,6.32,6.2,6.46,6.16,0.09,-3.13
2019-12-19,6.58,6.4,6.6,6.4,0.08,-4.19
2019-12-18,6.3,6.68,6.86,6.14,0.21,5.7
2019-12-17,5.54,6.32,6.4,5.5,0.29,14.91
2019-12-16,5.52,5.5,5.54,5.4,0.08,-1.79
2019-12-13,5.8,5.6,5.8,5.22,0.36,-3.45
2019-12-12,5.86,5.8,5.86,5.56,0.17,0.69
2019-12-11,5.88,5.76,5.88,5.64,0.04,-1.03
2019-12-10,5.94,5.82,5.94,5.76,0.05,-2.02
2019-12-09,6,5.94,6,5.52,0.17,1.02
2019-12-06,6.24,5.88,6.24,5.84,0.11,-5.16
2019-12-05,6.14,6.2,6.3,6.14,0.02,-1.27
2019-12-04,6.24,6.28,6.38,6.14,0.03,0.64
2019-12-03,6.4,6.24,6.4,5.86,0.07,-2.19
2019-12-02,6.48,6.38,6.54,6.38,0.04,-1.54
2019-11-29,6.5,6.48,6.5,6.34,0.05,0
2019-11-28,6.24,6.48,6.5,6.24,0.03,3.85
2019-11-27,6.5,6.24,6.68,6.24,0.1,-3.41
2019-11-26,6.58,6.46,6.76,6.4,0.07,-4.44
2019-11-25,6.84,6.76,6.84,6.48,0.14,-0.59
2019-11-22,6.66,6.8,6.8,6.22,0.17,2.1
2019-11-21,5.8,6.66,6.66,5.8,0.35,14.83
2019-11-20,5.66,5.8,5.94,5.52,0.13,2.47
2019-11-19,5.86,5.66,6.08,5.5,0.25,-2.41
2019-11-18,6.5,5.8,6.5,5.72,0.28,-9.09
2019-11-15,6.3,6.38,6.44,6.06,0.12,0.95
2019-11-14,6.76,6.32,6.76,6.1,0.27,-5.67
2019-11-13,6.66,6.7,7,6.64,0.13,0.9
2019-11-12,7.12,6.64,7.12,6.6,0.17,-4.6
2019-11-08,7.32,6.96,7.32,6.66,0.34,-1.69
2019-11-07,6.7,7.08,7.34,6.36,0.65,5.67
2019-11-06,6.82,6.7,7.16,6.5,0.44,-0.59
2019-11-05,7.1,6.74,7.8,6.4,3.08,0.6
2019-11-04,5.66,6.7,6.76,5.66,2.13,22.26
2019-10-31,5.54,5.48,5.8,5.14,0.44,3.4
2019-10-30,4.21,5.3,5.3,4.21,0.28,25.89
2019-10-29,4.23,4.21,4.23,4.08,0,-0.47
2019-10-28,4.25,4.23,4.33,4.04,0.03,-0.47
2019-10-25,4.2,4.25,4.25,3.94,0.04,2.91
2019-10-24,4.44,4.13,4.52,4.02,0.03,-6.98
2019-10-23,4.49,4.44,4.5,4.38,0.01,-1.77
2019-10-22,4.49,4.52,4.52,4.36,0.01,0.67
2019-10-21,4.52,4.49,4.74,4.4,0.04,-0.66
2019-10-18,4.74,4.52,4.74,4.52,0.01,-4.64
2019-10-17,4.75,4.74,4.75,4.61,0,-0.21
2019-10-16,4.73,4.75,4.75,4.55,0.01,0.42
2019-10-15,4.75,4.73,4.82,4.6,0.02,0.64
2019-10-14,4.4,4.7,4.74,4.38,0.41,7.31
2019-10-11,4.29,4.38,4.4,4.29,0.04,2.1
2019-10-10,4.23,4.29,4.29,4.23,0.01,0
2019-10-09,4.2,4.29,4.29,4.2,0.01,2.14
2019-10-08,4,4.2,4.25,3.94,0.14,5
2019-10-07,4.24,4,4.24,4,0,-5.21
2019-10-04,4.1,4.22,4.24,4.04,0.01,2.93
2019-10-03,4,4.1,4.34,4,0.03,-0.49
2019-10-02,4.2,4.12,4.2,4.01,0.01,-0.48
2019-10-01,4.3,4.14,4.3,4.12,0.01,-3.72
2019-09-30,4.36,4.3,4.5,4.12,0.25,-1.83
2019-09-27,4.04,4.38,4.39,3.94,0.07,8.15
2019-09-26,3.8,4.05,4.05,3.8,0.03,6.58
2019-09-25,3.8,3.8,3.8,3.72,0.01,2.7
2019-09-24,3.78,3.7,3.8,3.7,0.01,0
2019-09-23,3.8,3.7,3.8,3.6,0.03,-2.63
2019-09-20,3.9,3.8,3.9,3.79,0.02,0
2019-09-19,3.9,3.8,3.9,3.7,0,-2.56
2019-09-18,3.67,3.9,3.9,3.67,0.02,5.41
2019-09-17,3.88,3.7,3.88,3.7,0.01,-3.14
2019-09-16,3.8,3.82,3.82,3.72,0.02,2.69
2019-09-13,3.85,3.72,3.85,3.72,0,0
2019-09-12,3.85,3.72,3.85,3.72,0,-3.38
2019-09-11,3.85,3.85,3.85,3.7,0.01,0.26
2019-09-10,3.85,3.84,3.85,3.7,0,-0.26
2019-09-09,3.82,3.85,3.85,3.82,0.01,1.58
2019-09-06,3.82,3.79,3.82,3.79,0,-0.26
2019-09-05,3.85,3.8,3.85,3.8,0,0
2019-09-04,3.87,3.8,3.87,3.6,0.23,1.33
2019-09-02,3.88,3.75,3.88,3.59,0.01,0.54
2019-08-30,3.73,3.73,3.73,3.73,0,0
2019-08-29,3.73,3.73,3.73,3.72,0,0
2019-08-28,3.88,3.73,3.88,3.64,0.01,-0.27
2019-08-27,3.89,3.74,3.89,3.7,0.03,-3.86
2019-08-26,3.89,3.89,3.89,3.89,0,0
2019-08-23,3.97,3.89,3.97,3.8,0.01,0
2019-08-22,3.97,3.89,3.97,3.89,0,-1.77
2019-08-21,4.01,3.96,4.01,3.96,0,-1
2019-08-20,3.87,4,4,3.86,0.02,4.99
2019-08-19,4.08,3.81,4.08,3.7,0.02,-4.03
2019-08-16,4.09,3.97,4.09,3.8,0.02,-2.22
2019-08-14,4.09,4.06,4.09,3.96,0.01,-0.98
2019-08-13,4.1,4.1,4.1,3.98,0,3.27
2019-08-12,3.94,3.97,3.97,3.94,0,0.51
2019-08-09,3.83,3.95,3.95,3.8,0.01,-0.75
2019-08-08,3.99,3.98,3.99,3.98,0.01,1.53
2019-08-07,4.05,3.92,4.09,3.86,0.04,4.53
2019-08-06,3.8,3.75,3.8,3.75,0.01,-1.32
2019-08-05,3.9,3.8,3.9,3.77,0.03,-2.56
2019-08-02,3.9,3.9,3.9,3.82,0,0
2019-08-01,3.95,3.9,3.95,3.82,0,-2.26
2019-07-31,3.99,3.99,3.99,3.99,0,1.27
2019-07-30,4.1,3.94,4.1,3.81,0.02,-3.9
2019-07-29,4.12,4.1,4.12,3.94,0.01,-0.49
2019-07-26,4.12,4.12,4.12,4.12,0,0.49
2019-07-25,4.1,4.1,4.1,4.1,0.01,-0.49
2019-07-24,4.12,4.12,4.12,4.12,0,0.49
2019-07-23,4.3,4.1,4.3,3.93,0.07,-1.2
2019-07-22,4,4.15,4.4,4,0.06,3.75
2019-07-19,3.99,4,4,3.99,0,0.25
2019-07-18,3.87,3.99,3.99,3.87,0.01,-0.25
2019-07-17,4,4,4,4,0,0
2019-07-16,4,4,4,4,0,-0.25
2019-07-15,3.92,4.01,4.01,3.92,0,3.62
2019-07-12,3.87,3.87,3.87,3.87,0,0.26
2019-07-11,3.85,3.86,3.86,3.81,0,0.52
2019-07-10,3.86,3.84,3.86,3.84,0,-0.52
2019-07-09,4.03,3.86,4.03,3.86,0,-4.69
2019-07-08,4.05,4.05,4.05,4.05,0,0.5
2019-07-05,4.03,4.03,4.03,4.03,0,0
2019-07-04,4.04,4.03,4.05,4,0,-0.25
2019-07-03,4.04,4.04,4.04,4.04,0,0
2019-07-02,4.1,4.04,4.1,4,0.02,-1.46
2019-07-01,4.17,4.1,4.17,4.1,0,-1.68
2019-06-28,4.17,4.17,4.17,4.17,0,0
2019-06-27,4.05,4.17,4.17,4.05,0,-0.24
2019-06-26,4.18,4.18,4.18,4.18,0,0
2019-06-25,4.13,4.18,4.18,4.05,0,1.95
2019-06-24,4.13,4.1,4.13,4.1,0,-1.91
2019-06-21,4.18,4.18,4.18,4.18,0,1.95
2019-06-19,4.13,4.1,4.13,4.1,0,-1.44
2019-06-18,4.16,4.16,4.16,4.16,0,3.23
2019-06-17,4.17,4.03,4.17,4.03,0,-3.59
2019-06-14,4.15,4.18,4.2,4.1,0.03,2.2
2019-06-13,3.79,4.09,4.2,3.79,0.07,8.2
2019-06-12,3.71,3.78,3.78,3.71,0.01,1.89
2019-06-11,3.7,3.71,3.71,3.7,0,0.27
2019-06-10,3.7,3.7,3.72,3.7,0,-2.12
2019-06-07,3.99,3.78,3.99,3.78,0,2.16
2019-06-06,3.75,3.7,3.75,3.7,0,-0.54
2019-06-05,3.99,3.72,3.99,3.72,0.01,-4.12
2019-06-04,3.98,3.88,3.98,3.8,0,2.11
2019-06-03,3.8,3.8,3.8,3.8,0,0
2019-05-31,3.8,3.8,3.8,3.8,0,-0.78
2019-05-30,3.95,3.83,3.95,3.7,0.01,0.79
2019-05-29,3.83,3.8,3.83,3.75,0.01,0.8
2019-05-28,4,3.77,4,3.77,0,-1.82
2019-05-27,3.78,3.84,3.84,3.67,0.01,1.59
2019-05-24,3.7,3.78,3.8,3.48,0.05,2.16
2019-05-23,3.85,3.7,4,3.65,0.01,-2.37
2019-05-22,3.96,3.79,3.96,3.64,0.02,-2.57
2019-05-21,4,3.89,4,3.89,0,-1.52
2019-05-20,4.19,3.95,4.19,3.95,0,-2.95
2019-05-17,4.25,4.07,4.25,3.96,0.01,-1.69
2019-05-16,4.1,4.14,4.14,4.1,0.01,0.98
2019-05-15,4.04,4.1,4.1,4.04,0,1.49
2019-05-14,4.04,4.04,4.04,4.04,0,-2.42
2019-05-13,4.34,4.14,4.34,4.14,0.01,-1.43
2019-05-10,4.34,4.2,4.34,4.2,0,0
2019-05-09,4,4.2,4.2,4,0.02,5
2019-05-08,4.24,4,4.24,4,0.01,-5.66
2019-05-07,4.24,4.24,4.24,4.24,0,-0.24
2019-05-06,4.28,4.25,4.28,4.08,0.04,-3.19
2019-05-02,4.39,4.39,4.39,4.17,0.01,0.23
2019-04-30,4.39,4.38,4.39,4.38,0,1.15
2019-04-29,4.18,4.33,4.33,4.18,0.02,1.41
2019-04-26,4.38,4.27,4.38,3.99,0.03,-2.06
2019-04-25,4.2,4.36,4.36,4.02,0.03,3.81
2019-04-24,4.26,4.2,4.26,3.84,0.03,-1.41
2019-04-23,4.45,4.26,4.45,4.26,0.01,-3.18
2019-04-22,4.4,4.4,4.4,4.4,0,0
2019-04-19,4.4,4.4,4.4,4.4,0,0
2019-04-18,4.45,4.4,4.45,4.4,0.01,-1.12
2019-04-17,4.45,4.45,4.45,4.45,0,1.14
2019-04-16,4.45,4.4,4.45,4.37,0,-1.12
2019-04-15,4.45,4.45,4.45,4.38,0,1.14
2019-04-12,4.48,4.4,4.48,4.4,0,-1.79
2019-04-11,4.5,4.48,4.5,4.44,0,0
2019-04-10,4.44,4.48,4.48,4.4,0.01,0.67
2019-04-09,4.35,4.45,4.45,4.35,0,2.3
2019-04-08,4.52,4.35,4.52,4.35,0.02,-3.76
2019-04-05,4.58,4.52,4.61,4.52,0.03,2.73
2019-04-04,4.38,4.4,4.49,4.38,0.01,0.46
2019-04-03,4.6,4.38,4.6,4.38,0.02,-1.79
2019-04-02,4.43,4.46,4.46,4.22,0.06,-3.67
2019-04-01,4.56,4.63,4.63,4.56,0.01,1.54
2019-03-29,4.52,4.56,4.56,4.52,0.02,-0.87
2019-03-28,4.75,4.6,4.75,4.6,0,-1.5
2019-03-27,4.75,4.67,4.75,4.65,0,0.43
2019-03-26,4.75,4.65,4.75,4.61,0.01,0
2019-03-25,4.75,4.65,4.75,4.58,0.02,-1.9
2019-03-22,4.61,4.74,4.74,4.61,0.01,2.82
2019-03-21,4.65,4.61,4.65,4.5,0.02,-0.65
2019-03-20,4.7,4.64,4.7,4.64,0,-1.28
2019-03-19,4.91,4.7,4.91,4.65,0.02,-2.08
2019-03-18,4.78,4.8,4.86,4.67,0.02,2.78
2019-03-15,4.48,4.67,4.8,4.48,0.02,2.64
2019-03-14,4.5,4.55,4.64,4.5,0.01,0.89
2019-03-13,4.5,4.51,4.73,4.5,0.02,-1.96
2019-03-12,4.72,4.6,4.73,4.42,0.12,-4.17
2019-03-11,4.99,4.8,5,4.8,0.03,-3.03
2019-03-08,5.1,4.95,5.1,4.85,0,1.02
2019-03-07,5.1,4.9,5.1,4.83,0.02,-3.54
2019-03-06,5.08,5.08,5.08,4.95,0.02,0
2019-03-05,5.12,5.08,5.12,5.08,0,0.4
2019-03-04,5.12,5.06,5.12,5.06,0.01,-0.78
2019-03-01,5,5.1,5.2,5,0,2.2
2019-02-28,5,4.99,5.26,4.82,0.08,0
2019-02-27,4.97,4.99,4.99,4.9,0.02,0.4
2019-02-26,5.18,4.97,5.18,4.75,0.05,-0.6
2019-02-25,4.95,5,5.14,4.93,0.03,1.01
2019-02-22,4.74,4.95,4.95,4.74,0.04,4.43
2019-02-21,4.84,4.74,4.84,4.67,0.04,-1.46
2019-02-20,5.06,4.81,5.06,4.68,0.11,-5.31
2019-02-19,5.32,5.08,5.32,5.06,0.05,-4.87
2019-02-18,5.34,5.34,5.34,5.22,0.03,0.75
2019-02-15,5.4,5.3,5.4,5.2,0.05,-3.64
2019-02-14,5.6,5.5,5.6,5.3,0.04,0
2019-02-13,5.68,5.5,5.68,5.36,0.04,0
2019-02-12,5.6,5.5,5.72,5.36,0.08,-3.17
2019-02-11,5.56,5.68,5.76,5.38,0.08,3.65
2019-02-08,5.42,5.48,5.48,5.08,0.29,0.37
2019-02-07,5.76,5.46,5.76,5.22,0.18,-4.21
2019-02-06,5.78,5.7,5.78,5.5,0.03,-1.38
2019-02-05,5.7,5.78,5.78,5.44,0.07,1.4
2019-02-04,5.7,5.7,5.96,5.36,0.14,-1.04
2019-02-01,5.74,5.76,5.76,5.2,0.14,4.35
2019-01-31,5.88,5.52,5.88,5.5,0.06,-4.17
2019-01-30,6.1,5.76,6.1,5.76,0.06,-4.95
2019-01-29,6.2,6.06,6.26,5.76,0.21,1.34
2019-01-28,5.42,5.98,6.28,5.42,0.26,1.7
2019-01-25,6.08,5.88,6.36,5.2,0.88,-3.29
2019-01-24,5.46,6.08,6.6,5.46,1.25,12.59
2019-01-23,4.9,5.4,5.4,4.9,0.3,11.34
2019-01-22,4.5,4.85,4.9,4.37,0.67,7.78
2019-01-21,4.2,4.5,4.6,4.2,0.46,7.91
2019-01-18,3.97,4.17,4.31,3.89,0.49,4.77
2019-01-17,3.8,3.98,4,3.77,0.09,3.11
2019-01-16,3.87,3.86,3.87,3.75,0.07,-0.26
2019-01-15,3.74,3.87,3.9,3.71,0.05,3.48
2019-01-14,3.8,3.74,3.8,3.7,0.01,0.27
2019-01-11,3.82,3.73,3.82,3.63,0.08,-1.32
2019-01-10,3.85,3.78,3.85,3.64,0.05,-1.82
2019-01-09,3.69,3.85,3.85,3.6,0.07,4.62
2019-01-08,3.75,3.68,3.75,3.59,0.06,-2.13
2019-01-07,3.59,3.76,3.9,3.45,0.09,8.67
2019-01-04,3.6,3.46,3.6,3.25,0.14,-5.21
2019-01-03,3.65,3.65,3.65,3.56,0.02,1.11
2019-01-02,3.77,3.61,3.79,3.6,0.01,-4.24
2018-12-31,3.77,3.77,3.77,3.77,0,0
2018-12-28,3.62,3.77,3.77,3.55,0.02,7.71
2018-12-27,3.63,3.5,3.77,3.5,0.1,-1.96
2018-12-24,3.57,3.57,3.57,3.57,0,0
2018-12-21,3.58,3.57,3.62,3.48,0.05,2
2018-12-20,3.7,3.5,3.7,3.48,0.12,-1.96
2018-12-19,3.92,3.57,3.92,3.55,0.11,-2.19
2018-12-18,4.18,3.65,4.18,3.6,0.22,-11.84
2018-12-17,3.81,4.14,4.19,3.81,0.42,13.42
2018-12-14,3.93,3.65,3.93,3.61,0.1,-5.93
2018-12-13,3.76,3.88,3.9,3.63,0.08,3.19
2018-12-12,3.65,3.76,3.76,3.52,0.03,7.12
2018-12-11,3.69,3.51,3.69,3.36,0.03,-1.4
2018-12-10,3.67,3.56,3.67,3.5,0.04,-3.52
2018-12-07,3.69,3.69,3.69,3.5,0.05,0
2018-12-06,3.66,3.69,3.7,3.62,0.01,-2.89
2018-12-05,3.88,3.8,3.88,3.6,0.03,-2.06
2018-12-04,3.7,3.88,3.94,3.7,0.06,5.43
2018-12-03,3.78,3.68,3.78,3.51,0.17,-2.65
2018-11-30,3.9,3.78,4.18,3.7,0.32,-1.56
2018-11-29,3.66,3.84,3.84,3.36,0.16,8.47
2018-11-28,3.7,3.54,3.71,3.34,0.18,-5.09
2018-11-27,4.18,3.73,4.2,3.54,0.45,-10.34
2018-11-26,3.45,4.16,4.16,3.33,0.82,30.41
2018-11-23,2.94,3.19,3.22,2.9,1.02,16
2018-11-22,2.01,2.75,2.75,2.01,0.55,37.5
2018-11-21,1.99,2,2.02,1.9,0.42,0.5
2018-11-20,2,1.99,2,1.91,0.1,2.05
2018-11-19,2.2,1.95,2.27,1.81,0.49,-11.36
2018-11-16,2.31,2.2,2.31,2.19,0.11,-4.35
2018-11-15,2.5,2.3,2.5,2.3,0.11,-8
2018-11-14,2.71,2.5,2.79,2.45,0.07,-7.41
2018-11-13,3.02,2.7,3.02,2.7,0.05,-10
2018-11-12,3,3,3,3,0,0
2018-11-09,3.3,3,3.3,3,0.09,-9.09
2018-11-08,3.5,3.3,3.5,3.27,0.06,-5.71
2018-11-07,3.7,3.5,3.7,3.42,0.03,-5.41
2018-11-06,3.89,3.7,3.89,3.66,0.03,-4.88
2018-11-05,4,3.89,4,3.7,0.02,-0.26
2018-11-02,3.94,3.9,3.94,3.88,0.02,0
2018-10-31,4.01,3.9,4.01,3.87,0.03,-2.5
2018-10-30,4,4,4,3.98,0,0
2018-10-29,4.01,4,4.01,4,0,0
2018-10-25,3.99,4,4,3.97,0,0.25
2018-10-24,3.9,3.99,3.99,3.9,0.01,-0.25
2018-10-23,4.01,4,4.01,3.9,0,-0.25
2018-10-22,3.96,4.01,4.01,3.9,0.01,-0.74
2018-10-19,4.05,4.04,4.05,3.9,0.03,0
2018-10-18,4.04,4.04,4.04,4,0.01,0
2018-10-17,4.04,4.04,4.04,4.04,0,0
2018-10-16,4.04,4.04,4.04,4.04,0,0
2018-10-15,4.07,4.04,4.07,4,0.01,1
2018-10-12,3.98,4,4,3.98,0.01,0.25
2018-10-11,4.01,3.99,4.05,3.98,0.03,-2.21
2018-10-10,4,4.08,4.1,4,0.01,2.26
2018-10-09,4.14,3.99,4.14,3.88,0.02,-2.68
2018-10-08,4,4.1,4.14,3.86,0.03,4.33
2018-10-05,3.77,3.93,3.94,3.73,0.04,3.97
2018-10-04,3.75,3.78,3.83,3.7,0.04,2.16
2018-10-03,3.8,3.7,3.8,3.6,0.05,-2.63
2018-10-02,4.08,3.8,4.08,3.75,0.09,-6.86
2018-10-01,3.96,4.08,4.2,3.96,0.11,0.99
2018-09-28,4.22,4.04,4.45,3.95,0.5,-1.46
2018-09-27,3.79,4.1,4.1,3.72,0.09,8.18
2018-09-26,3.75,3.79,3.84,3.56,0.04,-2.57
2018-09-25,4.45,3.89,4.45,3.7,0.09,-9.11
2018-09-24,4.3,4.28,4.3,4.15,0.01,0
2018-09-21,4.35,4.28,4.35,4.1,0.03,-0.47
2018-09-20,4.1,4.3,4.45,4.1,0.09,4.37
2018-09-19,4.18,4.12,4.18,4,0.15,3
2018-09-18,4.17,4,4.17,3.9,0.03,-4.31
2018-09-17,4.35,4.18,4.35,3.92,0.1,-7.11
2018-09-14,4.9,4.5,4.9,4.5,0.06,-7.79
2018-09-13,4.98,4.88,5,4.88,0.09,-2.4
2018-09-12,5,5,5,4.9,0.01,0
2018-09-11,4.98,5,5,4.97,0.01,0
2018-09-10,5.48,5,5.48,5,0.04,-9.09
2018-09-07,6.8,5.5,6.8,5.5,0.06,-26.67
2018-09-06,8.2,7.5,8.2,7.46,0.02,-8.54
2018-09-05,8.48,8.2,8.48,8.1,0.01,-3.3
2018-09-04,8.48,8.48,8.48,8.48,0,0.24
2018-09-03,8.86,8.46,8.86,8.46,0.01,-5.16
2018-08-31,8.92,8.92,8.92,8.92,0,1.59
2018-08-30,8.68,8.78,8.78,8.68,0,0.92
2018-08-29,8.7,8.7,8.7,8.7,0,0.23
2018-08-28,8.68,8.68,8.68,8.68,0,0
2018-08-27,8.68,8.68,8.68,8.68,0,0
2018-08-24,8.68,8.68,8.68,8.68,0,4.08
2018-08-23,8.34,8.34,8.68,8.34,0.01,-7.33
2018-08-22,9,9,9,8.7,0,0
2018-08-21,9.5,9,9.5,8.7,0,0
2018-08-20,9,9,9,8.7,0,0
2018-08-17,9,9,9,9,0,0.22
2018-08-16,8.98,8.98,8.98,8.98,0,3.22
2018-08-14,8.5,8.7,8.7,8.5,0,2.35
2018-08-13,8.5,8.5,8.5,8.2,0,0
2018-08-10,9,8.5,9,8.5,0,-5.56
2018-08-09,9,9,9,9,0,0
2018-08-08,9,9,9,9,0,0
2018-08-07,9,9,9,8.8,0,0
2018-08-06,9,9,9,8.8,0.01,0
2018-08-03,9,9,9,8.1,0.02,-4.86
2018-08-02,9.8,9.46,9.8,9.36,0,-3.67
2018-08-01,9.8,9.82,9.82,9.36,0,0.61
2018-07-31,10.2,9.76,10.2,9.76,0.01,-3.84
2018-07-30,10.15,10.15,10.15,10.15,0,1.7
2018-07-27,9.98,9.98,9.98,9.76,0.02,0.6
2018-07-26,9.9,9.92,9.92,9.88,0.01,1.22
2018-07-25,9.88,9.8,9.9,9.8,0.07,-0.81
2018-07-24,9.88,9.88,9.88,9.88,0,0
2018-07-23,9.88,9.88,9.88,9.88,0,0
2018-07-20,9.32,9.88,9.88,9.32,0.01,0
2018-07-19,9.88,9.88,9.88,9.3,0,-0.2
2018-07-18,9.9,9.9,9.9,9.9,0,0
2018-07-17,9.9,9.9,9.9,9.76,0,0
2018-07-16,9.9,9.9,9.9,9.9,0,1.64
2018-07-13,9.8,9.74,9.8,9.74,0,2.74
2018-07-12,9.54,9.48,9.54,9.48,0,-4.82
2018-07-11,10,9.96,10,9.96,0,-0.4
2018-07-10,10.85,10,10.85,9.84,0.02,-7.83
2018-07-09,11.1,10.85,11.1,10.85,0.01,-2.25
2018-07-06,11.1,11.1,11.1,11.1,0,0
2018-07-05,11.1,11.1,11.1,11.1,0,-1.77
2018-07-04,11.3,11.3,11.3,11.3,0,0
2018-07-03,11.3,11.3,11.3,11.3,0,-1.74
2018-07-02,11.5,11.5,11.5,11.5,0,0
2018-06-29,11.5,11.5,11.5,11.5,0,0
2018-06-28,11.5,11.5,11.5,11.5,0,0
2018-06-27,11.5,11.5,11.5,11.5,0,0
2018-06-26,11.5,11.5,11.5,11.5,0,0
2018-06-25,11.5,11.5,11.5,11.5,0,0
2018-06-22,11.5,11.5,11.5,11.5,0,0
2018-06-21,11.35,11.5,11.5,11.35,0,0
2018-06-20,11.5,11.5,11.5,11.5,0,0
2018-06-19,11.5,11.5,11.5,11.5,0,0
2018-06-18,11.5,11.5,11.5,11.5,0,0
2018-06-15,11.5,11.5,11.5,11.5,0,1.32
2018-06-14,11.45,11.35,11.45,10.95,0.01,3.18
2018-06-13,11.5,11,11.5,11,0.01,-4.35
2018-06-12,11.5,11.5,11.5,11.5,0,0
2018-06-11,11.5,11.5,11.5,11.5,0,0
2018-06-08,11.4,11.5,11.5,11.4,0,0.88
2018-06-07,11.4,11.4,11.4,11.4,0,-0.87
2018-06-06,11.5,11.5,11.5,11.5,0,0
2018-06-05,11.5,11.5,11.5,11.45,0,-9.45
2018-06-01,12.7,12.7,12.7,12.7,0,5.83
2018-05-30,11.5,12,12,11.5,0.03,4.35
2018-05-29,11.4,11.5,11.5,10.9,0.03,0
2018-05-28,11.5,11.5,11.5,11.5,0,0
2018-05-25,11.5,11.5,11.5,11.5,0,0
2018-05-24,11.5,11.5,11.5,11.5,0,0
2018-05-23,11.5,11.5,11.5,11.45,0,0
2018-05-22,11.5,11.5,11.5,11.5,0,0
2018-05-21,11.5,11.5,11.5,11.5,0,0
2018-05-18,11.5,11.5,11.5,11.5,0,0
2018-05-17,11.5,11.5,11.5,11.5,0,-4.17
2018-05-16,11.7,12,12,11.7,0,0
2018-05-15,12,12,12,12,0,0.84
2018-05-14,11.9,11.9,11.9,11.35,0,0
2018-05-11,12,11.9,12,11.35,0,-0.83
2018-05-10,12,12,12,12,0,0
2018-05-09,12,12,12,11.65,0,-0.83
2018-05-08,12.1,12.1,12.1,12.1,0,-1.22
2018-05-07,12.25,12.25,12.25,11.85,0,0
2018-05-04,12.25,12.25,12.25,12.1,0,0
2018-05-02,12.45,12.25,12.45,11.7,0.01,0
2018-04-30,12,12.25,12.25,12,0.13,2.08
2018-04-27,11.7,12,12,10.6,0.07,2.56
2018-04-26,11.75,11.7,11.75,11.2,0.01,-0.43
2018-04-25,12.15,11.75,12.15,11.75,0.01,-3.29
2018-04-24,12.15,12.15,12.15,12.15,0,0
2018-04-23,12.3,12.15,12.3,11.6,0.02,-2.41
2018-04-20,12.45,12.45,12.45,12.45,0,4.18
2018-04-19,12.45,11.95,12.45,11.95,0.01,-4.4
2018-04-18,12.5,12.5,12.5,12.5,0,5.04
2018-04-17,12.5,11.9,12.5,11.25,0.03,-4.8
2018-04-16,12.5,12.5,12.5,12.5,0,0
2018-04-13,12.5,12.5,12.5,11.9,0,0.4
2018-04-12,12,12.45,12.45,11.75,0.02,0.81
2018-04-11,12.5,12.35,12.5,12.35,0.01,-1.2
2018-04-10,12.5,12.5,12.5,12.5,0,0
2018-04-09,12.5,12.5,12.5,12.5,0,-1.57
2018-04-06,12.7,12.7,12.7,12.7,0,0
2018-04-05,12.65,12.7,12.7,12.65,0.03,0.4
2018-04-04,12.65,12.65,12.65,12.65,0,0
2018-04-03,12.65,12.65,12.65,12.65,0.01,0
2018-03-29,12.5,12.65,12.65,12.1,0.33,0
2018-03-28,12.5,12.65,12.65,11.9,0.02,1.2
2018-03-27,12.5,12.5,12.5,12.5,0,0
2018-03-26,12.5,12.5,12.5,12.5,0,0
2018-03-23,12.5,12.5,12.5,12.5,0,0
2018-03-22,12.7,12.5,12.7,12.3,0,0.81
2018-03-21,12.4,12.4,12.4,12.4,0.01,0
2018-03-20,12.4,12.4,12.4,12.4,0,0
2018-03-19,12.35,12.4,12.4,12.35,0,0
2018-03-16,12.4,12.4,12.4,12.4,0,0
2018-03-15,12.4,12.4,12.4,12.4,0,3.33
2018-03-14,12.4,12,12.4,12,0,0
2018-03-13,11.95,12,12,11.95,0.03,0
2018-03-12,11.6,12,12,11.6,0,0
2018-03-09,12,12,12,12,0,3.9
2018-03-08,12.8,11.55,12.8,11.55,0.02,-7.97
2018-03-07,12.7,12.55,12.7,12.55,0.41,-0.79
2018-03-06,12.7,12.65,12.7,12.65,0,-0.39
2018-03-05,12.7,12.7,12.7,12.4,0,0.4
2018-03-02,12.65,12.65,12.65,12.65,0,0
2018-03-01,12.7,12.65,12.7,12.65,0,-1.94
2018-02-28,12.4,12.9,12.9,12.4,0,4.03
2018-02-27,12.75,12.4,12.75,12.4,0.02,-2.75
2018-02-26,12.45,12.75,12.75,12.45,0.02,2.82
2018-02-23,12.4,12.4,12.4,12.4,0,0
2018-02-22,12.4,12.4,12.4,12.4,0,0
2018-02-21,12.4,12.4,12.4,12.4,0,0
2018-02-20,12.4,12.4,12.4,12.4,0,-0.4
2018-02-19,12.45,12.45,12.45,12.45,0,0
2018-02-16,12.45,12.45,12.45,12.45,0,0
2018-02-15,12.45,12.45,12.45,12.45,0,0
2018-02-14,12.45,12.45,12.45,12.45,0,0
2018-02-13,12.45,12.45,12.45,12.45,0,0.4
2018-02-12,12.45,12.4,12.45,12.4,0.01,0
2018-02-09,12.4,12.4,12.4,12.4,0,0
2018-02-08,12.4,12.4,12.4,12.4,0,0
2018-02-07,12.4,12.4,12.4,12.4,0,0
2018-02-06,12.4,12.4,12.4,12,0.01,0
2018-02-05,12.05,12.4,12.4,12,0,2.9
2018-02-02,12.05,12.05,12.05,12,0,0
2018-02-01,12.05,12.05,12.05,12.05,0,0
2018-01-31,11.5,12.05,12.1,11.5,0.06,4.78
2018-01-30,11.5,11.5,11.5,11.5,0,1.77
2018-01-29,11.3,11.3,11.3,11.3,0,2.73
2018-01-26,10.8,11,11,10.8,0.01,5.77
2018-01-25,10.4,10.4,10.85,10.4,0.01,-0.95
2018-01-24,11.05,10.5,11.05,10.2,0.16,-3.67
2018-01-23,11.25,10.9,11.25,10.4,0.07,-3.11
2018-01-22,11,11.25,11.3,11,0.01,-0.44
2018-01-19,11.3,11.3,11.35,11.3,0.03,-4.24
2018-01-18,11.85,11.8,11.85,11.8,0,0
2018-01-17,11.35,11.8,11.8,11.35,0,3.96
2018-01-16,11.9,11.35,11.9,11.3,0.02,-4.22
2018-01-15,11.95,11.85,11.95,11.2,0.03,-0.84
2018-01-12,12.3,11.95,12.3,11.9,0,-2.85
2018-01-11,12.3,12.3,12.3,12.3,0,0
2018-01-10,12.3,12.3,12.3,12.3,0,1.23
2018-01-09,12.3,12.15,12.3,12,0,-1.62
2018-01-08,12,12.35,12.4,11.95,0.07,-0.4
2018-01-05,12.45,12.4,12.45,12,0.07,-0.4
2018-01-04,12.45,12.45,12.45,12.1,0.01,2.89
2018-01-03,12.1,12.1,12.1,12.1,0,0.25
2017-12-29,12.1,12.07,12.1,12.07,0.01,0.58
2017-12-28,12.1,12,12.1,11.99,0.05,-0.99
2017-12-27,12.46,12.12,12.46,12.12,0.18,1
2017-12-22,11.94,12,12,11.94,0,0.25
2017-12-21,12,11.97,12.2,11,0.06,-1.8
2017-12-20,12.47,12.19,12.47,12.19,0.01,-2.25
2017-12-19,12.54,12.47,12.54,11.96,0.03,-0.56
2017-12-18,12.54,12.54,12.54,12.54,0,0.32
2017-12-15,12.12,12.5,12.5,12.12,0,2.38
2017-12-14,12.54,12.21,12.54,12.21,0,0.08
2017-12-13,12.2,12.2,12.2,12.2,0,0
2017-12-12,12.1,12.2,12.2,11.7,0.01,2.09
2017-12-11,11.35,11.95,11.95,10.73,0.13,1.53
2017-12-08,11.77,11.77,11.77,11.77,0,0
2017-12-07,11.8,11.77,11.8,11.32,0.07,0.17
2017-12-06,11.75,11.75,11.75,11.75,0,0
2017-12-05,11.77,11.75,11.77,11.75,0,-0.17
2017-12-04,11.78,11.77,11.78,11.77,0,-0.08
2017-12-01,11.99,11.78,11.99,11.03,0.06,-1.75
2017-11-30,11.99,11.99,11.99,11.99,0.01,0
2017-11-29,12,11.99,12,11.8,0.13,-0.42
2017-11-28,12.09,12.04,12.09,12,0.01,-0.08
2017-11-27,12.2,12.05,12.2,11.67,0.02,0.5
2017-11-24,12.34,11.99,12.34,11.99,0.04,-3.62
2017-11-23,12.05,12.44,12.59,12.05,0.16,-4.23
2017-11-22,13.2,12.99,13.2,12.52,0.06,-2.33
2017-11-21,13.3,13.3,13.3,13.15,0,2.31
2017-11-20,13,13,13,12.39,0.02,0
2017-11-17,13.49,13,13.49,12.45,0.02,-3.7
2017-11-16,13.5,13.5,13.5,13.49,0.01,0
2017-11-15,13.5,13.5,13.5,13.1,0.01,3.21
2017-11-14,13.1,13.08,13.1,13.08,0,-0.15
2017-11-13,13.1,13.1,13.1,12.95,0,-1.13
2017-11-10,13.4,13.25,13.4,13.1,0.01,-1.85
2017-11-09,13.75,13.5,13.75,13.5,0,-0.37
2017-11-08,13.5,13.55,13.8,13.33,0.01,0.37
2017-11-07,13.6,13.5,13.6,13.5,0,-0.74
2017-11-06,13.4,13.6,13.81,13.4,0.01,0
2017-11-03,13.67,13.6,13.81,13.51,0.01,-2.86
2017-11-02,14.1,14,14.1,13.41,0.02,3.86
2017-10-31,13.49,13.48,13.49,12.73,0.04,1.35
2017-10-30,13.91,13.3,14.08,13.02,0.05,-5.34
2017-10-27,13.64,14.05,14.08,13.42,0.02,3.01
2017-10-26,13.19,13.64,13.64,13.19,0.06,5.41
2017-10-25,13.19,12.94,13.19,12.26,0.01,1.97
2017-10-24,12.7,12.69,12.7,12.25,0.02,0.79
2017-10-23,12.1,12.59,12.6,12.09,0.06,4.05
2017-10-20,12.1,12.1,12.1,11.74,0.05,0
2017-10-19,12.1,12.1,12.1,11.5,0.11,-0.41
2017-10-18,12.14,12.15,12.15,11.62,0,-0.33
2017-10-17,12.19,12.19,12.19,12.19,0,0
2017-10-16,11.84,12.19,12.19,11.61,0.01,2.87
2017-10-13,12.19,11.85,12.19,11.85,0,-0.25
2017-10-12,12.2,11.88,12.2,11.82,0.02,-2.54
2017-10-11,12.2,12.19,12.2,12.19,0,-0.08
2017-10-10,12.2,12.2,12.4,11.8,0.19,0.08
2017-10-09,12.16,12.19,12.2,11.66,0.03,0.33
2017-10-06,12.2,12.15,12.2,11.16,0.14,-0.41
2017-10-05,12,12.2,12.2,12,0,1.67
2017-10-04,12,12,12,11.8,0.01,0
2017-10-03,12.2,12,12.2,11.66,0.01,-2.04
2017-10-02,12.4,12.25,12.4,11.8,0.02,-0.49
2017-09-29,12.11,12.31,12.31,12.11,0.01,1.4
2017-09-28,12.48,12.14,12.48,11.64,0.05,-2.8
2017-09-27,11.5,12.49,12.49,11.3,0.03,8.61
2017-09-26,11.5,11.5,11.5,11.3,0.02,0.61
2017-09-25,11.43,11.43,11.9,11.43,0.03,0.09
2017-09-22,11.42,11.42,11.42,11.42,0,-0.7
2017-09-21,11.59,11.5,11.59,11.1,0,0
2017-09-20,11.5,11.5,11.5,11.3,0,0.88
2017-09-19,11.62,11.4,11.62,11.4,0,-0.87
2017-09-18,11.9,11.5,11.9,11.5,0,0.44
2017-09-15,11.42,11.45,11.45,10.9,0.04,1.15
2017-09-14,11.33,11.32,11.33,11.32,0.01,-1.14
2017-09-13,11.5,11.45,11.5,10.9,0.04,-0.43
2017-09-12,11.5,11.5,11.5,11.5,0.01,0
2017-09-11,11.25,11.5,11.5,11.25,0.01,2.22
2017-09-08,11.09,11.25,11.34,10.48,0.04,1.44
2017-09-07,11.09,11.09,11.09,11.09,0,0
2017-09-06,11.5,11.09,11.7,11.09,0.01,-1.33
2017-09-05,12,11.24,12,11.24,0.07,7.35
2017-09-04,10.06,10.47,11.05,10,0.03,4.08
2017-09-01,9.44,10.06,10.06,9,0.1,6.01
2017-08-31,9.49,9.49,9.49,9.49,0,0
2017-08-30,9.49,9.49,9.49,9.49,0,0.53
2017-08-29,9.39,9.44,9.49,9.38,0.02,0.64
2017-08-28,9.2,9.38,9.38,8.75,0.07,3.08
2017-08-25,9.38,9.1,9.38,8.76,0.09,-2.99
2017-08-24,9.38,9.38,9.38,9.37,0.01,0
2017-08-23,9.35,9.38,9.38,9.35,0,2.18
2017-08-22,9.35,9.18,9.35,9.18,0,-0.33
2017-08-21,8.7,9.21,9.21,8.7,0.07,5.86
2017-08-18,8.6,8.7,8.7,8.4,0,-0.57
2017-08-17,8.75,8.75,8.75,8.75,0,0
2017-08-16,8.75,8.75,8.75,8.75,0,0
2017-08-14,8.6,8.75,8.75,8.6,0,0
2017-08-11,8.75,8.75,8.75,8.75,0,0
2017-08-10,8.75,8.75,8.75,8.38,0,0
2017-08-09,8.6,8.75,8.8,8.6,0.01,5.93
2017-08-08,8.8,8.26,8.8,8.26,0,-6.14
2017-08-07,8.6,8.8,8.8,8.26,0,6.67
2017-08-04,8.2,8.25,8.25,7.86,0,0.61
2017-08-03,8.2,8.2,8.25,8.2,0.02,2.5
2017-08-02,8.4,8,8.4,8,0.01,-4.76
2017-08-01,8.9,8.4,8.9,8.15,0.02,-4
2017-07-31,8.45,8.75,8.8,8.36,0.03,3.06
2017-07-28,8.36,8.49,8.5,8.36,0.01,1.68
2017-07-27,7.97,8.35,8.35,7.97,0,1.58
2017-07-26,7.97,8.22,8.22,7.97,0.01,3.14
2017-07-25,7.97,7.97,7.97,7.97,0,0
2017-07-24,7.97,7.97,7.97,7.97,0,0
2017-07-21,7.97,7.97,7.97,7.97,0,0
2017-07-20,7.81,7.97,7.97,7.61,0.02,2.05
2017-07-19,8.2,7.81,8.2,7.57,0.02,-5.22
2017-07-18,8.51,8.24,8.59,8.2,0.01,-7.42
2017-07-17,8.9,8.9,8.9,8.9,0,-0.22
2017-07-14,8.92,8.92,8.92,8.92,0,0
2017-07-13,8.75,8.92,9.16,8.51,0,0.11
2017-07-12,9.19,8.91,9.19,8.52,0.02,-3.05
2017-07-11,9.19,9.19,9.19,9.19,0,0
2017-07-10,9.29,9.19,9.29,8.91,0,-0.65
2017-07-07,9.3,9.25,9.3,8.92,0.01,-0.54
2017-07-06,8.92,9.3,9.35,8.92,0.01,1.64
2017-07-05,9.35,9.15,9.35,9.15,0,-2.14
2017-07-04,9.35,9.35,9.35,9.35,0.01,0
2017-07-03,9.4,9.35,9.4,9.35,0,-0.53
2017-06-30,9.05,9.4,9.4,9.05,0,0.11
2017-06-29,9.05,9.39,9.4,9.05,0,-0.11
2017-06-28,9.06,9.4,9.4,9.06,0.01,0
2017-06-27,9.35,9.4,9.45,9.19,0.36,0.32
2017-06-26,9.33,9.37,9.37,9.25,0.09,0.43
2017-06-23,9.26,9.33,9.33,9.21,0.17,0.76
2017-06-22,9.35,9.26,9.35,9,0.12,-1.38
2017-06-21,9.39,9.39,9.39,8.93,0.03,0.97
2017-06-20,9.39,9.3,9.39,9.03,0.01,0.54
2017-06-19,9.4,9.25,9.54,9.1,0.04,0.54
2017-06-16,9,9.2,9.41,8.62,0.22,3.37
2017-06-14,8.77,8.9,9,8.42,0.15,1.48
2017-06-13,8.36,8.77,8.77,8.36,0.14,1.39
2017-06-12,8.55,8.65,8.71,8.55,0.04,0.23
2017-06-09,8.55,8.63,8.63,8.1,0.18,1.53
2017-06-08,8.4,8.5,8.5,8.01,0.19,0
2017-06-07,8.5,8.5,8.79,8.13,0.1,-1.05
2017-06-06,8.15,8.59,8.6,8.15,0.11,3.74
2017-06-05,8.29,8.28,8.45,8.28,0.06,1.97
2017-06-02,8.05,8.12,8.12,7.62,0.04,1.37
2017-06-01,7.74,8.01,8.47,7.69,0.19,3.49
2017-05-31,7.59,7.74,7.74,7.3,0.7,1.98
2017-05-30,7.21,7.59,7.71,7.2,0.25,7.36
2017-05-29,6.55,7.07,7.2,6.55,0.05,7.94
2017-05-26,6.35,6.55,6.55,6.05,0.05,2.34
2017-05-25,6.5,6.4,6.5,6.05,0.01,-0.62
2017-05-24,6.5,6.44,6.5,6.44,0,0
2017-05-23,6.45,6.44,6.45,6.44,0,-0.62
2017-05-22,6.5,6.48,6.5,6.29,0,-0.77
2017-05-19,6.54,6.53,6.54,6.35,0.01,1.24
2017-05-18,6.52,6.45,6.52,6.29,0,-1.53
2017-05-17,6.35,6.55,6.57,6.25,0.01,4.8
2017-05-16,6.35,6.25,6.72,6.25,0.04,-3.4
2017-05-15,6.35,6.47,6.47,6.25,0.81,1.89
2017-05-12,6.29,6.35,6.57,6.21,0.88,0.95
2017-05-11,6.29,6.29,6.29,6.29,1.12,0.16
2017-05-10,6.16,6.28,6.28,6.16,0.01,0
2017-05-09,6.28,6.28,6.28,6.28,0,0
2017-05-08,6.3,6.28,6.3,6.28,0.03,-0.16
2017-05-05,6.29,6.29,6.29,6.28,0.19,0
2017-05-04,6.29,6.29,6.29,6.17,0.01,0
2017-05-02,6.19,6.29,6.29,6.18,0.11,1.62
2017-04-28,6.09,6.19,6.19,5.91,0.24,1.64
2017-04-27,6.05,6.09,6.09,6.05,0,0.66
2017-04-26,6.07,6.05,6.07,6.05,0.09,-0.17
2017-04-25,6.05,6.06,6.06,6.05,0.09,0.17
2017-04-24,6.05,6.05,6.05,6.05,0,0.17
2017-04-21,6.05,6.04,6.05,6.04,0,-0.17
2017-04-20,6.05,6.05,6.05,6.05,0,0
2017-04-19,5.95,6.05,6.05,5.9,0.1,2.54
2017-04-18,5.95,5.9,6,5.75,0.24,-0.84
2017-04-13,6,5.95,6,5.95,0,0
2017-04-12,5.95,5.95,5.95,5.95,0,0
2017-04-11,5.95,5.95,5.95,5.95,0,0.85
2017-04-10,5.9,5.9,5.9,5.9,0.04,-1.67
2017-04-07,6,6,6,6,0,0.17
2017-04-06,5.9,5.99,5.99,5.8,0,0
2017-04-05,5.9,5.99,5.99,5.9,0,0
2017-04-04,5.9,5.99,5.99,5.8,0.01,1.53
2017-04-03,6,5.9,6,5.9,0.01,0
2017-03-31,6,5.9,6,5.8,0,-1.67
2017-03-30,6,6,6,6,0,-0.83
2017-03-29,6.05,6.05,6.05,6.05,0,0
2017-03-28,6.05,6.05,6.05,6.05,0,0
2017-03-27,6.08,6.05,6.08,6.05,0,-0.49
2017-03-24,6.08,6.08,6.08,6.08,0,0
2017-03-23,6.09,6.08,6.09,6.08,0,1.5
2017-03-22,6.09,5.99,6.09,5.99,0,-1.32
2017-03-21,6.07,6.07,6.07,5.85,0.02,0
2017-03-20,6.03,6.07,6.07,6.02,0.01,0.5
2017-03-17,5.99,6.04,6.04,5.75,0.12,0.83
2017-03-16,5.99,5.99,5.99,5.99,0,0
2017-03-15,5.87,5.99,5.99,5.87,0.01,2.04
2017-03-14,5.87,5.87,5.87,5.87,0,0
2017-03-13,5.9,5.87,5.9,5.87,0,-0.84
2017-03-10,5.92,5.92,5.92,5.75,0,0
2017-03-09,5.92,5.92,5.92,5.92,0,0
2017-03-08,5.92,5.92,5.92,5.92,0,0
2017-03-07,5.89,5.92,5.92,5.7,0,0.51
2017-03-06,5.89,5.89,5.89,5.7,0.01,0
2017-03-03,5.69,5.89,5.89,5.69,0.02,-0.34
2017-03-02,5.91,5.91,5.91,5.91,0,0
2017-03-01,5.94,5.91,5.94,5.72,0,0
